-- MySQL dump 10.13  Distrib 5.7.17, for Win64 (x86_64)
--
-- Host: localhost    Database: magic
-- ------------------------------------------------------
-- Server version	5.7.19-log

/*!40101 SET @OLD_CHARACTER_SET_CLIENT=@@CHARACTER_SET_CLIENT */;
/*!40101 SET @OLD_CHARACTER_SET_RESULTS=@@CHARACTER_SET_RESULTS */;
/*!40101 SET @OLD_COLLATION_CONNECTION=@@COLLATION_CONNECTION */;
/*!40101 SET NAMES utf8 */;
/*!40103 SET @OLD_TIME_ZONE=@@TIME_ZONE */;
/*!40103 SET TIME_ZONE='+00:00' */;
/*!40014 SET @OLD_UNIQUE_CHECKS=@@UNIQUE_CHECKS, UNIQUE_CHECKS=0 */;
/*!40014 SET @OLD_FOREIGN_KEY_CHECKS=@@FOREIGN_KEY_CHECKS, FOREIGN_KEY_CHECKS=0 */;
/*!40101 SET @OLD_SQL_MODE=@@SQL_MODE, SQL_MODE='NO_AUTO_VALUE_ON_ZERO' */;
/*!40111 SET @OLD_SQL_NOTES=@@SQL_NOTES, SQL_NOTES=0 */;

--
-- Table structure for table `artist`
--

DROP TABLE IF EXISTS `artist`;
/*!40101 SET @saved_cs_client     = @@character_set_client */;
/*!40101 SET character_set_client = utf8 */;
CREATE TABLE `artist` (
  `Artist_ID` decimal(4,1) NOT NULL,
  `Name` varchar(21) DEFAULT NULL,
  PRIMARY KEY (`Artist_ID`)
) ENGINE=InnoDB DEFAULT CHARSET=latin1;
/*!40101 SET character_set_client = @saved_cs_client */;

--
-- Dumping data for table `artist`
--

LOCK TABLES `artist` WRITE;
/*!40000 ALTER TABLE `artist` DISABLE KEYS */;
INSERT INTO `artist` VALUES (1.0,'Aaron Miller'),(2.0,'Adrian Majkrzak'),(3.0,'Alayna Danner'),(4.0,'Alex Konstad'),(5.0,'Anna Steinbauer'),(6.0,'Anthony Palumbo'),(7.0,'Bastien L. Deharme'),(8.0,'Ben Maier'),(9.0,'Ben Wootten'),(10.0,'Bram Sels'),(11.0,'Chase Stone'),(12.0,'Chris Rahn'),(13.0,'Chris Rallis'),(14.0,'Chris Seaman'),(15.0,'Christine Choi'),(16.0,'Cliff Childs'),(17.0,'Clint Cearley'),(18.0,'Craig J Spearing'),(19.0,'Daarken'),(20.0,'Dan Scott'),(21.0,'Daniel Ljunggren'),(22.0,'David Palumbo'),(23.0,'Deruchenko Alexander'),(24.0,'Dimitar'),(25.0,'Emrah Elmasli'),(26.0,'Eric Deschamps'),(27.0,'Even Amundsen'),(28.0,'Filip Burburan'),(29.0,'Florian de Gesincourt'),(30.0,'Gabor Szikszai'),(31.0,'Greg Opalinski'),(32.0,'Grzegorz Rutkowski'),(33.0,'Igor Kieryluk'),(34.0,'Izzy'),(35.0,'Jakub Kasper'),(36.0,'James Paick'),(37.0,'James Ryman'),(38.0,'Jason A. Engle'),(39.0,'Jason Felix'),(40.0,'Jason Rainville'),(41.0,'Jesper Ejsing'),(42.0,'Joe Slucher'),(43.0,'Johann Bodin'),(44.0,'John Avon'),(45.0,'John Severin Brassell'),(46.0,'John Stanko'),(47.0,'Jonas De Ro'),(48.0,'Jonathan Kuo'),(49.0,'Joseph Meehan'),(50.0,'Josh Hass'),(51.0,'Josu Hernaiz'),(52.0,'Jung Park'),(53.0,'Kev Walker'),(54.0,'Kieran Yanner'),(55.0,'Lake Hurwitz'),(56.0,'Lars Grant-West'),(57.0,'Lius Lasahido'),(58.0,'Lucas Graciano'),(59.0,'Magali Villeneuve'),(60.0,'Mark Behm'),(61.0,'Mark Winters'),(62.0,'Mathias Kollros'),(63.0,'Matt Stewart'),(64.0,'Milivoj ?eran'),(65.0,'Min Yum'),(66.0,'Naomi Baker'),(67.0,'Nils Hamm'),(68.0,'Noah Bradley'),(69.0,'Randy Gallegos'),(70.0,'Randy Vargas'),(71.0,'Raoul Vitale'),(72.0,'Raymond Swanland'),(73.0,'Rob Alexander'),(74.0,'Ryan Alexander Lee'),(75.0,'Ryan Pancoast'),(76.0,'Ryan Yee'),(77.0,'Sara Winters'),(78.0,'Scott Murphy'),(79.0,'Seb McKinnon'),(80.0,'Shreya Shetty'),(81.0,'Sidharth Chaturvedi'),(82.0,'Simon Dominic'),(83.0,'Slawomir Maniak'),(84.0,'Steve Prescott'),(85.0,'Svetlin Velinov'),(86.0,'Titus Lunter'),(87.0,'Tomasz Jedruszek'),(88.0,'Tommy Arnold'),(89.0,'Tyler Jacobson'),(90.0,'Victor Adame Minguez'),(91.0,'Viktor Titov'),(92.0,'Volkan Baga'),(93.0,'Wayne Reynolds'),(94.0,'Wesley Burt'),(95.0,'Winona Nelson'),(96.0,'Yeong-Hao Han'),(97.0,'Yongjae Choi'),(98.0,'YW Tang'),(99.0,'Zack Stella'),(100.0,'Zezhou Chen'),(101.0,'Zoltan Boros');
/*!40000 ALTER TABLE `artist` ENABLE KEYS */;
UNLOCK TABLES;

--
-- Table structure for table `card`
--

DROP TABLE IF EXISTS `card`;
/*!40101 SET @saved_cs_client     = @@character_set_client */;
/*!40101 SET character_set_client = utf8 */;
CREATE TABLE `card` (
  `Card_ID` decimal(4,1) NOT NULL,
  `Artist_ID` decimal(4,1) DEFAULT NULL,
  `Name` varchar(30) DEFAULT NULL,
  `Mana_Cost` varchar(30) DEFAULT NULL,
  `ConvManaCost` decimal(2,1) DEFAULT NULL,
  `Power` decimal(2,1) DEFAULT NULL,
  `Toughness` decimal(2,1) DEFAULT NULL,
  `Loyalty` int(11) DEFAULT NULL,
  `Ability` varchar(500) DEFAULT NULL,
  `Flavor_Text` varchar(500) DEFAULT NULL,
  `Color` varchar(5) DEFAULT NULL,
  PRIMARY KEY (`Card_ID`),
  KEY `artist_foreignkey` (`Artist_ID`),
  CONSTRAINT `artist_foreignkey` FOREIGN KEY (`Artist_ID`) REFERENCES `artist` (`Artist_ID`)
) ENGINE=InnoDB DEFAULT CHARSET=latin1;
/*!40101 SET character_set_client = @saved_cs_client */;

--
-- Dumping data for table `card`
--

LOCK TABLES `card` WRITE;
/*!40000 ALTER TABLE `card` DISABLE KEYS */;
INSERT INTO `card` VALUES (1.0,5.0,'Adanto Vanguard','{1}{W}',2.0,1.0,1.0,NULL,'As long as Adanto Vanguard is attacking, it gets +2/+0.£Pay 4 life: Adanto Vanguard gains indestructible until end of turn. ',NULL,'W'),(2.0,85.0,'Adanto, the First Fort',NULL,0.0,NULL,NULL,NULL,'£{T}: Add {W} to your mana pool.£{2}{W}, {T}: Create a 1/1 white Vampire creature token with lifelink.',NULL,'L'),(3.0,40.0,'Admiral Beckett Brass','{1}{U}{B}{R}',4.0,3.0,3.0,NULL,'Other Pirates you control get +1/+1.£At the beginning of your end step, gain control of target nonland permanent controlled by a player who was dealt combat damage by three or more Pirates this turn.','\"You and your ship will make a fine addition to my fleet.\"','URB'),(4.0,87.0,'Air Elemental','{3}{U}{U}',5.0,4.0,4.0,NULL,'Flying','As the ship approached, the jade totem rose high overhead. Power rippled. Eyes of stone glowed and crackled. Out hissed a breath of the world, and a windstorm came alive.','U'),(5.0,35.0,'Ancient Brontodon','{6}{G}{G}',8.0,9.0,9.0,NULL,NULL,'It is taller than all but the tallest trees, and older than all but the oldest.','G'),(6.0,90.0,'Angrath\'s Marauders','{5}{R}{R}',7.0,4.0,4.0,NULL,'If a source you control would deal damage to a permanent or player, it deals double that damage to that permanent or player instead.','Captain Angrath cares less about treasure than mayhem. If he can\'t leave Ixalan, he\'ll burn the plane down.','R'),(7.0,95.0,'Anointed Deacon','{4}{B}',5.0,3.0,3.0,NULL,'At the beginning of combat on your turn, you may have target Vampire get +2/+0 until end of turn.','Inspiration is red as rubies, flowing like honeyed wine.','B'),(8.0,60.0,'Arcane Adaptation','{2}{U}',3.0,NULL,NULL,NULL,'As Arcane Adaptation enters the battlefield, choose a creature type.£Creatures you control are the chosen type in addition to their other types. The same is true for creature spells you control and creature cards you own that aren\'t on the battlefield.',NULL,'U'),(9.0,19.0,'Arguel\'s Blood Fast','{1}{B}',2.0,NULL,NULL,NULL,'{1}{B}, Pay 2 life: Draw a card.£At the beginning of your upkeep, if you have 5 or less life, you may transform Arguel\'s Blood Fast.','Arguel\'s vision led him into the jungles of Ixalan . . .','B'),(10.0,19.0,'Ashes of the Abhorrent','{1}{W}',2.0,NULL,NULL,NULL,'Players can\'t cast spells from graveyards or activate abilities of cards in graveyards.£Whenever a creature dies, you gain 1 life.','\"Let no trace of the vampires\' foulness remain.\"','W'),(11.0,66.0,'Atzocan Archer','{2}{G}',3.0,1.0,4.0,NULL,'Reach£When Atzocan Archer enters the battlefield, you may have it fight another target creature. ','His arrows are fletched with feathers from the greatest of the winged dinosaurs.','G'),(12.0,7.0,'Axis of Mortality','{4}{W}{W}',6.0,NULL,NULL,NULL,'At the beginning of your upkeep, you may have two target players exchange life totals.','The Church of Dusk teaches there is no gain without loss, no triumph without sacrifice, no drink of exquisite crimson without a dying gasp.','W'),(13.0,59.0,'Azcanta, the Sunken Ruin',NULL,0.0,NULL,NULL,NULL,'£{T}: Add {U} to your mana pool.£{2}{U}, {T}: Look at the top four cards of your library. You may reveal a noncreature, nonland card from among them and put it into your hand. Put the rest on the bottom of your library in any order.',NULL,'L'),(14.0,20.0,'Belligerent Brontodon','{5}{G}{W}',7.0,4.0,6.0,NULL,'Each creature you control assigns combat damage equal to its toughness rather than its power.','Predators try to separate the young, old, or injured from the rest of the herd. The alternative is crushing defeat.','GW'),(15.0,18.0,'Bellowing Aegisaur','{5}{W}',6.0,3.0,5.0,NULL,'Enrage — Whenever Bellowing Aegisaur is dealt damage, put a +1/+1 counter on each other creature you control.','Its roaring challenge is punctuated by the slam of its tail on the earth, rousing the herds of the plains.','W'),(16.0,88.0,'Bishop of Rebirth','{3}{W}{W}',5.0,3.0,4.0,NULL,'Vigilance£Whenever Bishop of Rebirth attacks, you may return target creature card with converted mana cost 3 or less from your graveyard to the battlefield.','\"In the death of the foe lies the resurrection of the faithful.\"','W'),(17.0,97.0,'Bishop of the Bloodstained','{3}{B}{B}',5.0,3.0,3.0,NULL,'When Bishop of the Bloodstained enters the battlefield, target opponent loses 1 life for each Vampire you control.','\"They shall give us all they have as penance for their resistance. Their ships. Their goods. Their rebellious blood.\"','B'),(18.0,78.0,'Bishop\'s Soldier','{1}{W}',2.0,2.0,2.0,NULL,'Lifelink','Vampires, the noble class of old Torrezon, are guided by their dual loyalties to church and crown.','W'),(19.0,9.0,'Blight Keeper','{B}',1.0,1.0,1.0,NULL,'Flying£{7}{B}, {T}, Sacrifice Blight Keeper: Target opponent loses 4 life and you gain 4 life.','It withers fruit and flesh alike.','B'),(20.0,33.0,'Blinding Fog','{2}{G}',3.0,NULL,NULL,NULL,'Prevent all damage that would be dealt to creatures this turn. Creatures you control gain hexproof until end of turn. ','\"I see you, shiny soldiers, but you won\'t see me.\"','G'),(21.0,19.0,'Bloodcrazed Paladin','{1}{B}',2.0,1.0,1.0,NULL,'Flash£Bloodcrazed Paladin enters the battlefield with a +1/+1 counter on it for each creature that died this turn.','When a paladin undertaking the Blood Fast finally gives in to hunger, the violence is sudden, explosive, and complete.','B'),(22.0,80.0,'Blossom Dryad','{2}{G}',3.0,2.0,2.0,NULL,'{T}: Untap target land.','The only force on Ixalan not interested in finding the golden city is Ixalan itself.','G'),(23.0,41.0,'Bonded Horncrest','{3}{R}',4.0,5.0,5.0,NULL,'Bonded Horncrest can\'t attack or block alone.','\"You don\'t tame a horncrest. You convince it that it\'s easier to destroy something else.\"£—Amautl, knight of Atzocan','R'),(24.0,37.0,'Boneyard Parley','{5}{B}{B}',7.0,NULL,NULL,NULL,'Exile up to five target creature cards from graveyards. An opponent separates those cards into two piles. Put all cards from the pile of your choice onto the battlefield under your control and the rest into their owners\' graveyards.',NULL,'B'),(25.0,49.0,'Brazen Buccaneers','{3}{R}',4.0,2.0,2.0,NULL,'Haste£When Brazen Buccaneers enters the battlefield, it explores. ',NULL,'R'),(26.0,74.0,'Bright Reprisal','{4}{W}',5.0,NULL,NULL,NULL,'Destroy target attacking creature.£Draw a card.','Vampires know blood and the systems that carry it. And they know exactly where to strike to set it free.','W'),(27.0,70.0,'Burning Sun\'s Avatar','{3}{R}{R}{R}',6.0,6.0,6.0,NULL,'When Burning Sun\'s Avatar enters the battlefield, it deals 3 damage to target opponent and 3 damage to up to one target creature.','\"Tilonalli\'s searing rays carry the spark of life\'s eventual destruction as all light fades.\"£—Chitlati, Lightning Rider','R'),(28.0,97.0,'Call to the Feast','{2}{W}{B}',4.0,NULL,NULL,NULL,'Create three 1/1 white Vampire creature tokens with lifelink.','By the law of church and crown, vampires feed only on the blood of the guilty—those declared heretics, rebels, or enemies of war.','WB'),(29.0,62.0,'Cancel','{1}{U}{U}',3.0,NULL,NULL,NULL,'Counter target spell.','\"Hold your fire, obviously.\"£—Captain Brandis Thorn','U'),(30.0,13.0,'Captain Lannery Storm','{2}{R}',3.0,2.0,2.0,NULL,'Haste£Whenever Captain Lannery Storm attacks, create a colorless Treasure artifact token with \"{T}, Sacrifice this artifact: Add one mana of any color to your mana pool.\"£Whenever you sacrifice a Treasure, Captain Lannery Storm gets +1/+0 until end of turn.',NULL,'R'),(31.0,95.0,'Captivating Crew','{3}{R}',4.0,4.0,3.0,NULL,'{3}{R}: Gain control of target creature an opponent controls until end of turn. Untap that creature. It gains haste until end of turn. Activate this ability only any time you could cast a sorcery.','\"We sail. We plunder. Then we dance.\"','R'),(32.0,96.0,'Carnage Tyrant','{4}{G}{G}',6.0,7.0,6.0,NULL,'Carnage Tyrant can\'t be countered.£Trample, hexproof','Sun Empire commanders are well versed in advanced martial strategy. Still, the correct maneuver is usually to deploy the giant, implacable death lizard.','G'),(33.0,12.0,'Castaway\'s Despair','{3}{U}',4.0,NULL,NULL,NULL,'Enchant creature£When Castaway\'s Despair enters the battlefield, tap enchanted creature.£Enchanted creature doesn\'t untap during its controller\'s untap step.',NULL,'U'),(34.0,99.0,'Charging Monstrosaur','{4}{R}',5.0,5.0,5.0,NULL,'Trample, haste','\"I knew I should have stayed with the boat. Always stay with the boat!\"','R'),(35.0,37.0,'Chart a Course','{1}{U}',2.0,NULL,NULL,NULL,'Draw two cards. Then discard a card unless you attacked with a creature this turn.','While other pirates prowl for treasure, Captain Parrish plunders secrets.','U'),(36.0,53.0,'Cobbled Wings','{2}',2.0,NULL,NULL,NULL,'Equipped creature has flying.£Equip {1} ','Flotsam held together by optimism.','A'),(37.0,41.0,'Colossal Dreadmaw','{4}{G}{G}',6.0,6.0,6.0,NULL,'Trample','If you feel the ground quake, run. If you hear its bellow, flee. If you see its teeth, it\'s too late.','G'),(38.0,48.0,'Commune with Dinosaurs','{G}',1.0,NULL,NULL,NULL,'Look at the top five cards of your library. You may reveal a Dinosaur or land card from among them and put it into your hand. Put the rest on the bottom of your library in any order.',NULL,'G'),(39.0,25.0,'Conqueror\'s Foothold',NULL,0.0,NULL,NULL,NULL,'£{T}: Add {C} to your mana pool.£{2}, {T}: Draw a card, then discard a card.£{4}, {T}: Draw a card.£{6}, {T}: Return target card from your graveyard to your hand.',NULL,'L'),(40.0,25.0,'Conqueror\'s Galleon','{4}',4.0,2.0,9.9,NULL,'When Conqueror\'s Galleon attacks, exile it at end of combat, then return it to the battlefield transformed under your control.£Crew 4 ',NULL,'A'),(41.0,95.0,'Contract Killing','{3}{B}{B}',5.0,NULL,NULL,NULL,'Destroy target creature. Create two colorless Treasure artifact tokens with \"{T}, Sacrifice this artifact: Add one mana of any color to your mana pool.\"','For a price, the floating city of High and Dry offers all the amenities a pirate could want: rest, recreation, and revenge.','B'),(42.0,8.0,'Costly Plunder','{1}{B}',2.0,NULL,NULL,NULL,'As an additional cost to cast Costly Plunder, sacrifice an artifact or creature.£Draw two cards.','No lock of iron is a match for Vraska\'s will of stone.','B'),(43.0,60.0,'Crash the Ramparts','{2}{G}',3.0,NULL,NULL,NULL,'Target creature gets +3/+3 and gains trample until end of turn.','The Legion\'s conquistadors could endure Ixalan\'s sun. Their forts could withstand a charging ceratops. But nothing can stop a ceratops strengthened by the sun.','G'),(44.0,87.0,'Crushing Canopy','{2}{G}',3.0,NULL,NULL,NULL,'Choose one —£• Destroy target creature with flying.£• Destroy target enchantment.','\"Do not mistake your lofty vantage point for safety.\"£—Shaper Tuvasa','G'),(45.0,90.0,'Daring Saboteur','{1}{U}',2.0,2.0,1.0,NULL,'{2}{U}: Daring Saboteur can\'t be blocked this turn.£Whenever Daring Saboteur deals combat damage to a player, you may draw a card. If you do, discard a card.','\"They\'ll never see me coming.\"','U'),(46.0,50.0,'Dark Nourishment','{4}{B}',5.0,NULL,NULL,NULL,'Dark Nourishment deals 3 damage to target creature or player. You gain 3 life.','Demons lurk in the shadows of ancient ruins, spreading plague and corruption across the land.','B'),(47.0,31.0,'Deadeye Plunderers','{3}{U}{B}',5.0,3.0,3.0,NULL,'Deadeye Plunderers gets +1/+1 for each artifact you control.£{2}{U}{B}: Create a colorless Treasure artifact token with \"{T}, Sacrifice this artifact: Add one mana of any color to your mana pool.\"','\"Keep your friends close and your enemies within range.\"','UB'),(48.0,50.0,'Deadeye Quartermaster','{3}{U}',4.0,2.0,2.0,NULL,'When Deadeye Quartermaster enters the battlefield, you may search your library for an Equipment or Vehicle card, reveal it, put it into your hand, then shuffle your library.','\"Welcome aboard, mate! You\'re going to need this.\"','U'),(49.0,26.0,'Deadeye Tormentor','{2}{B}',3.0,2.0,2.0,NULL,'Raid — When Deadeye Tormentor enters the battlefield, if you attacked with a creature this turn, target opponent discards a card.','Despite their noble heritage, the pirates of the Deadeye Fleet are known for underhanded tactics and despicable trickery.','B'),(50.0,23.0,'Deadeye Tracker','{B}',1.0,1.0,1.0,NULL,'{1}{B}, {T}: Exile two target cards from an opponent\'s graveyard. Deadeye Tracker explores. ',NULL,'B'),(51.0,89.0,'Deathgorge Scavenger','{2}{G}',3.0,3.0,2.0,NULL,'Whenever Deathgorge Scavenger enters the battlefield or attacks, you may exile target card from a graveyard. If a creature card is exiled this way, you gain 2 life. If a noncreature card is exiled this way, Deathgorge Scavenger gets +1/+1 until end of turn.',NULL,'G'),(52.0,67.0,'Deathless Ancient','{4}{B}{B}',6.0,4.0,4.0,NULL,'Flying£Tap three untapped Vampires you control: Return Deathless Ancient from your graveyard to your hand.','\"Ancient one, we have reached the promised shore. The Immortal Sun is near. Drink and awake.\"','B'),(53.0,72.0,'Deeproot Champion','{1}{G}',2.0,1.0,1.0,NULL,'Whenever you cast a noncreature spell, put a +1/+1 counter on Deeproot Champion.','\"No good will come from what you seek. Turn back now or suffer an ignoble death far from your home.\"','G'),(54.0,83.0,'Deeproot Warrior','{1}{G}',2.0,2.0,2.0,NULL,'Whenever Deeproot Warrior becomes blocked, it gets +1/+1 until end of turn.','\"We breathe from our soul and bones to give strength to the jungle. The jungle breathes from its roots and rivers to give strength to us.\"£—Shaper Falani','G'),(55.0,100.0,'Deeproot Waters','{2}{U}',3.0,NULL,NULL,NULL,'Whenever you cast a Merfolk spell, create a 1/1 blue Merfolk creature token with hexproof. ','A visit to the Deeproot Tree and its ancient spring replenishes a merfolk\'s connection to nature.','U'),(56.0,41.0,'Demolish','{3}{R}',4.0,NULL,NULL,NULL,'Destroy target artifact or land.','What took months for human hands to carve took just seconds for the dinosaur\'s tail to ruin.','R'),(57.0,33.0,'Demystify','{W}',1.0,NULL,NULL,NULL,'Destroy target enchantment.','\"The River Heralds carve spells into jade, hoping to steer us from our course. But what right do they have to keep us from that which once was ours?\"','W'),(58.0,46.0,'Depths of Desire','{2}{U}',3.0,NULL,NULL,NULL,'Return target creature to its owner\'s hand. Create a colorless Treasure artifact token with \"{T}, Sacrifice this artifact: Add one mana of any color to your mana pool.\"','Pockets full of gold, lungs full of brine.','U'),(59.0,101.0,'Desperate Castaways','{1}{B}',2.0,2.0,3.0,NULL,'Desperate Castaways can\'t attack unless you control an artifact.','A pirate crew without a ship is a crew that will do anything to get one.','B'),(60.0,10.0,'Dinosaur Stampede','{2}{R}',3.0,NULL,NULL,NULL,'Attacking creatures get +2/+0 until end of turn. Dinosaurs you control gain trample until end of turn.','If you\'re in the way of a ceratops charge and you\'re made of mere flesh and bone, then you\'re not really in the way.','R'),(61.0,97.0,'Dire Fleet Captain','{B}{R}',2.0,2.0,2.0,NULL,'Whenever Dire Fleet Captain attacks, it gets +1/+1 until end of turn for each other attacking Pirate.','Orcs are happiest under captains who steer toward battle. Orcs of the Dire Fleet are downright jovial.','RB'),(62.0,23.0,'Dire Fleet Hoarder','{1}{B}',2.0,2.0,1.0,NULL,'When Dire Fleet Hoarder dies, create a colorless Treasure artifact token with \"{T}, Sacrifice this artifact: Add one mana of any color to your mana pool.\"','Among the pirates of the Brazen Coalition, the only thing more dangerous than failure is success.','B'),(63.0,45.0,'Dire Fleet Interloper','{3}{B}',4.0,2.0,2.0,NULL,'Menace£When Dire Fleet Interloper enters the battlefield, it explores. ',NULL,'B'),(64.0,10.0,'Dire Fleet Ravager','{3}{B}{B}',5.0,4.0,4.0,NULL,'Menace, deathtouch£When Dire Fleet Ravager enters the battlefield, each player loses a third of his or her life, rounded up.','His fists fume with the decay of death, each strike a plague on the hearts of his enemies.','B'),(65.0,59.0,'Dive Down','{U}',1.0,NULL,NULL,NULL,'Target creature you control gets +0/+3 and gains hexproof until end of turn. ','\"Seeing the river is not the same as seeing the fish.\"','U'),(66.0,29.0,'Dowsing Dagger','{2}',2.0,NULL,NULL,NULL,'When Dowsing Dagger enters the battlefield, target opponent creates two 0/2 green Plant creature tokens with defender.£Equipped creature gets +2/+1.£Whenever equipped creature deals combat damage to a player, you may transform Dowsing Dagger.£Equip {2}',NULL,'A'),(67.0,3.0,'Dragonskull Summit',NULL,0.0,NULL,NULL,NULL,'Dragonskull Summit enters the battlefield tapped unless you control a Swamp or a Mountain.£{T}: Add {B} or {R} to your mana pool.','When the Planeswalker Angrath called dinosaurs \"dragons,\" the name stuck in certain pirate circles.','L'),(68.0,26.0,'Dreamcaller Siren','{2}{U}{U}',4.0,3.0,3.0,NULL,'Flash£Flying£Dreamcaller Siren can block only creatures with flying.£When Dreamcaller Siren enters the battlefield, if you control another Pirate, tap up to two target nonland permanents.',NULL,'U'),(69.0,26.0,'Drover of the Mighty','{1}{G}',2.0,1.0,1.0,NULL,'Drover of the Mighty gets +2/+2 as long as you control a Dinosaur.£{T}: Add one mana of any color to your mana pool.','\"I do not lead. They do not follow. We walk together.\"','G'),(70.0,52.0,'Drowned Catacomb',NULL,0.0,NULL,NULL,NULL,'Drowned Catacomb enters the battlefield tapped unless you control an Island or a Swamp.£{T}: Add {U} or {B} to your mana pool.','None can tell how many vessels are tangled up on the sea floor—or how much treasure remains unclaimed.','L'),(71.0,77.0,'Dual Shot','{R}',1.0,NULL,NULL,NULL,'Dual Shot deals 1 damage to each of up to two target creatures.','\"Through me the rage of Tilonalli burns twice as bright.\"','R'),(72.0,58.0,'Duress','{B}',1.0,NULL,NULL,NULL,'Target opponent reveals his or her hand. You choose a noncreature, nonland card from it. That player discards that card.','Solitude and starvation are brutal punishments, but even worse is all that time to think.','B'),(73.0,86.0,'Dusk Legion Dreadnought','{5}',5.0,4.0,6.0,NULL,'Vigilance£Crew 2 ','It loomed up over the horizon, silent and dark as a grave.','A'),(74.0,79.0,'Duskborne Skymarcher','{W}',1.0,1.0,1.0,NULL,'Flying£{W}, {T}: Target attacking Vampire gets +1/+1 until end of turn.','\"The hour of Dusk is come.\"','W'),(75.0,2.0,'Elaborate Firecannon','{2}',2.0,NULL,NULL,NULL,'Elaborate Firecannon doesn\'t untap during your untap step.£{4}, {T}: Elaborate Firecannon deals 2 damage to target creature or player.£At the beginning of your upkeep, you may discard a card. If you do, untap Elaborate Firecannon.',NULL,'A'),(76.0,21.0,'Emergent Growth','{3}{G}',4.0,NULL,NULL,NULL,'Target creature gets +5/+5 until end of turn and must be blocked this turn if able.','\"By accepting my smallness I am vast.\"','G'),(77.0,23.0,'Emissary of Sunrise','{2}{W}',3.0,2.0,1.0,NULL,'First strike£When Emissary of Sunrise enters the battlefield, it explores. ',NULL,'W'),(78.0,90.0,'Emperor\'s Vanguard','{3}{G}',4.0,4.0,3.0,NULL,'Whenever Emperor\'s Vanguard deals combat damage to a player, it explores. ',NULL,'G'),(79.0,18.0,'Encampment Keeper','{W}',1.0,1.0,1.0,NULL,'First strike£{7}{W}, {T}, Sacrifice Encampment Keeper: Creatures you control get +2/+2 until end of turn.','Paladins of the Sanctum Seeker order are an adventurous lot, venturing into the wilds with monstrous mastiffs at their side.','W'),(80.0,95.0,'Entrancing Melody','{X}{U}{U}',2.0,NULL,NULL,NULL,'Gain control of target creature with converted mana cost X.','The stronger the will, the more bewitching the song.','U'),(81.0,63.0,'Fathom Fleet Captain','{1}{B}',2.0,2.0,1.0,NULL,'Menace£Whenever Fathom Fleet Captain attacks, if you control another nontoken Pirate, you may pay {2}. If you do, create a 2/2 black Pirate creature token with menace.','\"Join me, and take the world for yourself!\"','B'),(82.0,51.0,'Fathom Fleet Cutthroat','{3}{B}',4.0,3.0,3.0,NULL,'When Fathom Fleet Cutthroat enters the battlefield, destroy target creature an opponent controls that was dealt damage this turn.','\"It was a bad evening for you, mate. Now it\'s chow time for the sharks.\"','B'),(83.0,100.0,'Fathom Fleet Firebrand','{1}{R}',2.0,2.0,2.0,NULL,'{1}{R}: Fathom Fleet Firebrand gets +1/+0 until end of turn.','As she charges into battle, her arcane tattoos stir and crawl like fiery serpents.','R'),(84.0,80.0,'Favorable Winds','{1}{U}',2.0,NULL,NULL,NULL,'Creatures you control with flying get +1/+1.','\"Like ribbons of wind and wisdom the coatls fly, twisting mystery into truth, shaping the clouds to suit their inscrutable will.\"£—Huatli','U'),(85.0,86.0,'Fell Flagship','{3}',3.0,3.0,3.0,NULL,'Pirates you control get +1/+0.£Whenever Fell Flagship deals combat damage to a player, that player discards a card.£Crew 3 ',NULL,'A'),(86.0,24.0,'Field of Ruin',NULL,0.0,NULL,NULL,NULL,'{T}: Add {C} to your mana pool.£{2}, {T}, Sacrifice Field of Ruin: Destroy target nonbasic land an opponent controls. Each player searches his or her library for a basic land card, puts it onto the battlefield, then shuffles his or her library.',NULL,'L'),(87.0,9.0,'Fiery Cannonade','{2}{R}',3.0,NULL,NULL,NULL,'Fiery Cannonade deals 2 damage to each non-Pirate creature.','Wary of the ferocious dinosaurs, the Legion of Dusk built up the walls of their fort—just in time for the pirates to burn them down.','R'),(88.0,101.0,'Fire Shrine Keeper','{R}',1.0,1.0,1.0,NULL,'Menace£{7}{R}, {T}, Sacrifice Fire Shrine Keeper: It deals 3 damage to each of up to two target creatures.','Though grimed with the dust of centuries, the ancient shrine was not unguarded.','R'),(89.0,85.0,'Firecannon Blast','{1}{R}{R}',3.0,NULL,NULL,NULL,'Firecannon Blast deals 3 damage to target creature.£Raid — Firecannon Blast deals 6 damage to that creature instead if you attacked with a creature this turn.','Goblins\' fearlessness and diminutive size make them the perfect cannoneers.','R'),(90.0,87.0,'Fleet Swallower','{5}{U}{U}',7.0,6.0,6.0,NULL,'Whenever Fleet Swallower attacks, target player puts the top half of his or her library, rounded up, into his or her graveyard.','\"Captain, I think that island is following us.\"','U'),(91.0,86.0,'Forest',NULL,0.0,NULL,NULL,NULL,'{G}',NULL,'L'),(92.0,41.0,'Frenzied Raptor','{2}{R}',3.0,4.0,2.0,NULL,NULL,'Sun Empire warriors are taught to emulate the fearless raptors that fling themselves against towers of horn and muscle a hundred times their size.','R'),(93.0,34.0,'Gilded Sentinel','{4}',4.0,3.0,3.0,NULL,NULL,'The River Heralds fight to keep all others from reaching the golden city. The city has its own defenses.','A'),(94.0,99.0,'Gishath, Sun\'s Avatar','{5}{R}{G}{W}',8.0,7.0,6.0,NULL,'Trample, vigilance, haste£Whenever Gishath, Sun\'s Avatar deals combat damage to a player, reveal that many cards from the top of your library. Put any number of Dinosaur creature cards from among them onto the battlefield and the rest on the bottom of your library in a random order.',NULL,'GWR'),(95.0,35.0,'Glacial Fortress',NULL,0.0,NULL,NULL,NULL,'Glacial Fortress enters the battlefield tapped unless you control a Plains or an Island.£{T}: Add {W} or {U} to your mana pool.','Ships blown north in their voyage across the Stormwreck Sea become trapped in the unmelting ice.','L'),(96.0,91.0,'Glorifier of Dusk','{3}{W}{W}',5.0,4.0,4.0,NULL,'Pay 2 life: Glorifier of Dusk gains flying until end of turn.£Pay 2 life: Glorifier of Dusk gains vigilance until end of turn.','\"The blood of the enemy is a sacrament. The strength it gives is proof that our cause is just.\"','W'),(97.0,100.0,'Goring Ceratops','{5}{W}{W}',7.0,3.0,3.0,NULL,'Double strike£Whenever Goring Ceratops attacks, other creatures you control gain double strike until end of turn.','\"Follow her footsteps and she will show you the way.\"£—Itzama the Crested','W'),(98.0,97.0,'Grasping Current','{4}{U}',5.0,NULL,NULL,NULL,'Return up to two target creatures to their owner\'s hand.£Search your library and/or graveyard for a card named Jace, Ingenious Mind-Mage, reveal it, and put it into your hand. If you searched your library this way, shuffle it.',NULL,'U'),(99.0,30.0,'Grazing Whiptail','{2}{G}{G}',4.0,3.0,4.0,NULL,'Reach','Often found browsing on the upper canopies of Ixalan\'s jungles, whiptails are known to absently bat away anything foolish enough to interrupt their meal.','G'),(100.0,95.0,'Grim Captain\'s Call','{2}{B}',3.0,NULL,NULL,NULL,'Return a Pirate card from your graveyard to your hand, then do the same for Vampire, Dinosaur, and Merfolk.','When the battle is over, the bitterest foes at last find common ground.','B'),(101.0,32.0,'Growing Rites of Itlimoc','{2}{G}',3.0,NULL,NULL,NULL,'When Growing Rites of Itlimoc enters the battlefield, look at the top four cards of your library. You may reveal a creature card from among them and put it into your hand. Put the rest on the bottom of your library in any order.£At the beginning of your end step, if you control four or more creatures, transform Growing Rites of Itlimoc.',NULL,'G'),(102.0,97.0,'Headstrong Brute','{2}{R}',3.0,3.0,3.0,NULL,'Headstrong Brute can\'t block.£Headstrong Brute has menace as long as you control another Pirate.','\"Watch your backs, keep your blades at hand, and let the orc go first!\"£—Captain Brandis Thorn','R'),(103.0,66.0,'Headwater Sentries','{3}{U}',4.0,2.0,5.0,NULL,NULL,'\"The elders say that if the intruders discovered the secret of the golden city, it would mean an end to our people.\"','U'),(104.0,77.0,'Heartless Pillage','{2}{B}',3.0,NULL,NULL,NULL,'Target opponent discards two cards.£Raid — If you attacked with a creature this turn, create a colorless Treasure artifact token with \"{T}, Sacrifice this artifact: Add one mana of any color to your mana pool.\"',NULL,'B'),(105.0,77.0,'Herald of Secret Streams','{3}{U}',4.0,2.0,3.0,NULL,'Creatures you control with +1/+1 counters on them can\'t be blocked.','\"You might as well try to stop the waterfall.\"','U'),(106.0,46.0,'Hierophant\'s Chalice','{3}',3.0,NULL,NULL,NULL,'When Hierophant\'s Chalice enters the battlefield, target opponent loses 1 life and you gain 1 life.£{T}: Add {C} to your mana pool.','In the Rite of Redemption, nobles take the same vows as Elenda, the first vampire, and make the same eternal sacrifice.','A'),(107.0,85.0,'Hijack','{1}{R}{R}',3.0,NULL,NULL,NULL,'Gain control of target artifact or creature until end of turn. Untap it. It gains haste until end of turn.','Trapped on Ixalan, the Planeswalker Angrath is the only minotaur sailing the seas. No matter how many ships he captures, he cannot break free.','R'),(108.0,93.0,'Hostage Taker','{2}{U}{B}',4.0,2.0,3.0,NULL,'When Hostage Taker enters the battlefield, exile another target creature or artifact until Hostage Taker leaves the battlefield. You may cast that card for as long as it remains exiled, and you may spend mana as though it were mana of any type to cast that spell.',NULL,'UB'),(109.0,5.0,'Huatli, Dinosaur Knight','{4}{R}{W}',6.0,NULL,NULL,4,'+2: Put two +1/+1 counters on up to one target Dinosaur you control. £?3: Target Dinosaur you control deals damage equal to its power to target creature you don\'t control.£?7: Dinosaurs you control get +4/+4 until end of turn.',NULL,'WR'),(110.0,89.0,'Huatli, Warrior Poet','{3}{R}{W}',5.0,NULL,NULL,3,'+2: You gain life equal to the greatest power among creatures you control.£0: Create a 3/3 green Dinosaur creature token with trample.£?X: Huatli, Warrior Poet deals X damage divided as you choose among any number of target creatures. Creatures dealt damage this way can\'t block this turn.',NULL,'WR'),(111.0,70.0,'Huatli\'s Snubhorn','{1}{W}',2.0,2.0,2.0,NULL,'Vigilance ','Don\'t make the mistake of thinking blunt horns can\'t kill.','W'),(112.0,99.0,'Huatli\'s Spurring','{R}',1.0,NULL,NULL,NULL,'Target creature gets +2/+0 until end of turn. If you control a Huatli planeswalker, that creature gets +4/+0 until end of turn instead.','\"Run like the wind, fierce one. The hunt has begun.\"','R'),(113.0,41.0,'Imperial Aerosaur','{3}{W}',4.0,3.0,3.0,NULL,'Flying£When Imperial Aerosaur enters the battlefield, another target creature you control gets +1/+1 and gains flying until end of turn.','Its assistance is unnervingly similar to its hunting technique.','W'),(114.0,91.0,'Imperial Lancer','{W}',1.0,1.0,1.0,NULL,'Imperial Lancer has double strike as long as you control a Dinosaur.','\"Together my mount and I are stronger than either of us apart.\"','W'),(115.0,69.0,'Inspiring Cleric','{2}{W}',3.0,3.0,2.0,NULL,'When Inspiring Cleric enters the battlefield, you gain 4 life.','\"The Immortal Sun will bring us true eternal life to replace the everlasting shadow of undeath.\"','W'),(116.0,86.0,'Island',NULL,0.0,NULL,NULL,NULL,'{U}',NULL,'L'),(117.0,32.0,'Itlimoc, Cradle of the Sun',NULL,0.0,NULL,NULL,NULL,'£{T}: Add {G} to your mana pool.£{T}: Add {G} to your mana pool for each creature you control.','Before the Sun Empire was born, humans and merfolk joined their magic to invoke a blessing of fertility on the land.','L'),(118.0,11.0,'Ixalan\'s Binding','{3}{W}',4.0,NULL,NULL,NULL,'When Ixalan\'s Binding enters the battlefield, exile target nonland permanent an opponent controls until Ixalan\'s Binding leaves the battlefield.£Your opponents can\'t cast spells with the same name as the exiled card.','Jace awoke to the certainty that he was lost.','W'),(119.0,58.0,'Ixalli\'s Diviner','{1}{G}',2.0,0.0,3.0,NULL,'When Ixalli\'s Diviner enters the battlefield, it explores. ',NULL,'G'),(120.0,55.0,'Ixalli\'s Keeper','{1}{G}',2.0,2.0,2.0,NULL,'{7}{G}, {T}, Sacrifice Ixalli\'s Keeper: Target creature gets +5/+5 and gains trample until end of turn.','The people of the Sun Empire worship the sun in three aspects. Ixalli is the Verdant Sun, who fosters growth in all things.','G'),(121.0,54.0,'Jace, Cunning Castaway','{1}{U}{U}',3.0,NULL,NULL,3,'+1: Whenever one or more creatures you control deal combat damage to a player this turn, draw a card, then discard a card.£?2: Create a 2/2 blue Illusion creature token with \"When this creature becomes the target of a spell, sacrifice it.\"£?5: Create two tokens that are copies of Jace, Cunning Castaway, except they\'re not legendary.',NULL,'U'),(122.0,17.0,'Jace, Ingenious Mind-Mage','{4}{U}{U}',6.0,NULL,NULL,5,'+1: Draw a card.£+1: Untap all creatures you control.£?9: Gain control of up to three target creatures.',NULL,'U'),(123.0,4.0,'Jace\'s Sentinel','{1}{U}',2.0,1.0,3.0,NULL,'As long as you control a Jace planeswalker, Jace\'s Sentinel gets +1/+0 and can\'t be blocked.','\"We drove the Sun Empire out of the forest long ago, and we will not let them return.\"','U'),(124.0,14.0,'Jade Guardian','{3}{G}',4.0,2.0,2.0,NULL,'Hexproof £When Jade Guardian enters the battlefield, put a +1/+1 counter on target Merfolk you control.','The River Heralds believe that jade gives weight to their magic.','G'),(125.0,54.0,'Jungle Delver','{G}',1.0,1.0,1.0,NULL,'{3}{G}: Put a +1/+1 counter on Jungle Delver.','\"There is no power too great to be used in the defense of our ancestral lands.\"','G'),(126.0,77.0,'Kinjalli\'s Caller','{W}',1.0,0.0,3.0,NULL,'Dinosaur spells you cast cost {1} less to cast.','The people of the Sun Empire worship the sun in three aspects. Kinjalli is the Wakening Sun, who created humans from clay and baked them in the sun\'s warmth.','W'),(127.0,82.0,'Kinjalli\'s Sunwing','{2}{W}',3.0,2.0,3.0,NULL,'Flying£Creatures your opponents control enter the battlefield tapped.','\"There are moments when I feel I could fly like the sunwing. Far away I would soar, but always a golden gale pushes me back.\"£—Huatli','W'),(128.0,20.0,'Kitesail Freebooter','{1}{B}',2.0,1.0,2.0,NULL,'Flying£When Kitesail Freebooter enters the battlefield, target opponent reveals his or her hand. You choose a noncreature, nonland card from it. Exile that card until Kitesail Freebooter leaves the battlefield.',NULL,'B'),(129.0,59.0,'Kopala, Warden of Waves','{1}{U}{U}',3.0,2.0,2.0,NULL,'Spells your opponents cast that target a Merfolk you control cost {2} more to cast.£Abilities your opponents activate that target a Merfolk you control cost {2} more to activate.','\"I know these waters better than you know yourselves.\"','U'),(130.0,43.0,'Kumena\'s Speaker','{G}',1.0,1.0,1.0,NULL,'Kumena\'s Speaker gets +1/+1 as long as you control another Merfolk or an Island.','\"The same power that drives the river ever onward flows through the roots and branches—to me.\"','G'),(131.0,81.0,'Legion Conquistador','{2}{W}',3.0,2.0,2.0,NULL,'When Legion Conquistador enters the battlefield, you may search your library for any number of cards named Legion Conquistador, reveal them, put them into your hand, then shuffle your library.','The Legion of Dusk sailed from Torrezon in search of glory, riches, and the Immortal Sun.','W'),(132.0,58.0,'Legion\'s Judgment','{2}{W}',3.0,NULL,NULL,NULL,'Destroy target creature with power 4 or greater.','\"My lance was once wielded by Venerable Tarrian. In his name and by his might, I cast you down!\"','W'),(133.0,85.0,'Legion\'s Landing','{W}',1.0,NULL,NULL,NULL,'When Legion\'s Landing enters the battlefield, create a 1/1 white Vampire creature token with lifelink.£When you attack with three or more creatures, transform Legion\'s Landing.','\"I claim this land in the name of the queen.\"£—Adrian Adanto of Lujio','W'),(134.0,18.0,'Lightning Strike','{1}{R}',2.0,NULL,NULL,NULL,'Lightning Strike deals 3 damage to target creature or player.','\"Storm on the horizon, cap\'n!\"£—Grick Doobin, last words','R'),(135.0,28.0,'Lightning-Rig Crew','{2}{R}',3.0,0.0,5.0,NULL,'{T}: Lightning-Rig Crew deals 1 damage to each opponent.£Whenever you cast a Pirate spell, untap Lightning-Rig Crew.','A pirate ship in battle is a storm of activity.','R'),(136.0,76.0,'Lookout\'s Dispersal','{2}{U}',3.0,NULL,NULL,NULL,'Lookout\'s Dispersal costs {1} less to cast if you control a Pirate.£Counter target spell unless its controller pays {4}.','Her song plucks the strings of the storm, shifting wind and storm into a harmony that will carry her ship to safety.','U'),(137.0,56.0,'Looming Altisaur','{3}{W}',4.0,1.0,7.0,NULL,NULL,'Nature can\'t be tamed, but the Sun Empire believes that humans are made stronger when they test themselves against the wild strength of the dinosaurs.','W'),(138.0,29.0,'Lost Vale',NULL,0.0,NULL,NULL,NULL,'£{T}: Add three mana of any one color to your mana pool.','The pirates had ventured into the interior for treasure. They found something far greater.','L'),(139.0,98.0,'Lurking Chupacabra','{3}{B}',4.0,2.0,3.0,NULL,'Whenever a creature you control explores, target creature an opponent controls gets -2/-2 until end of turn.','\"Shadow birthed it. The moon gave it eyes, and the jungle gave it teeth. But it was Death that taught it cruelty.\"£—Huatli','B'),(140.0,28.0,'Makeshift Munitions','{1}{R}',2.0,NULL,NULL,NULL,'{1}, Sacrifice an artifact or creature: Makeshift Munitions deals 1 damage to target creature or player.','\"Grease up a firecannon good and proper with dinosaur-liver oil, and it\'ll shoot just about anything.\"','R'),(141.0,38.0,'Marauding Looter','{2}{U}{R}',4.0,4.0,3.0,NULL,'Raid — At the beginning of your end step, if you attacked with a creature this turn, you may draw a card. If you do, discard a card.','\"I\'ll be taking that.\"','UR'),(142.0,9.0,'March of the Drowned','{B}',1.0,NULL,NULL,NULL,'Choose one —£• Return target creature card from your graveyard to your hand.£• Return two target Pirate cards from your graveyard to your hand.',NULL,'B'),(143.0,97.0,'Mark of the Vampire','{3}{B}',4.0,NULL,NULL,NULL,'Enchant creature£Enchanted creature gets +2/+2 and has lifelink.','\"Through your sacrifice of self, you become holy. Through your strength, all will be saved.\"£—From the Rite of Redemption','B'),(144.0,19.0,'Mavren Fein, Dusk Apostle','{2}{W}',3.0,2.0,2.0,NULL,'Whenever one or more nontoken Vampires you control attack, create a 1/1 white Vampire creature token with lifelink.','In the rapture of his Blood Fast, he destroyed the navigator\'s tools and steered the ship to shore by faith alone.','W'),(145.0,54.0,'Merfolk Branchwalker','{1}{G}',2.0,2.0,1.0,NULL,'When Merfolk Branchwalker enters the battlefield, it explores. ',NULL,'G'),(146.0,86.0,'Mountain',NULL,0.0,NULL,NULL,NULL,'{R}',NULL,'L'),(147.0,101.0,'Navigator\'s Ruin','{2}{U}',3.0,NULL,NULL,NULL,'Raid — At the beginning of your end step, if you attacked with a creature this turn, target opponent puts the top four cards of his or her library into his or her graveyard.','\"You won\'t be needing this. Or this. Or these . . .\"','U'),(148.0,48.0,'Nest Robber','{1}{R}',2.0,2.0,1.0,NULL,'Haste','\"These sailors on our shores are like the dinosaurs that plunder eggs from nests. They live on the labors of others.\"£—Itzama the Crested','R'),(149.0,68.0,'New Horizons','{2}{G}',3.0,NULL,NULL,NULL,'Enchant land£When New Horizons enters the battlefield, put a +1/+1 counter on target creature you control.£Enchanted land has \"{T}: Add two mana of any one color to your mana pool.\"',NULL,'G'),(150.0,97.0,'Old-Growth Dryads','{G}',1.0,3.0,3.0,NULL,'When Old-Growth Dryads enters the battlefield, each opponent may search his or her library for a basic land card, put it onto the battlefield tapped, then shuffle his or her library.','\"The jungle was here before any city. It will be here after the last city falls.\"','G'),(151.0,66.0,'One With the Wind','{1}{U}',2.0,NULL,NULL,NULL,'Enchant creature£Enchanted creature gets +2/+2 and has flying.','\"River and sea, jungle and sky. Water flows freely between the two halves of the world. We are creatures of the water.\"£—Shaper Tuvasa','U'),(152.0,18.0,'Opt','{U}',1.0,NULL,NULL,NULL,'Scry 1. £Draw a card.','\"It\'s easy to anticipate Captain Storm\'s orders: take the more dangerous route.\"','U'),(153.0,19.0,'Otepec Huntmaster','{1}{R}',2.0,1.0,2.0,NULL,'Dinosaur spells you cast cost {1} less to cast.£{T}: Target Dinosaur gains haste until end of turn.','\"Forward! Let the Burning Sun\'s light guide you to deserving prey!\"','R'),(154.0,58.0,'Overflowing Insight','{4}{U}{U}{U}',7.0,NULL,NULL,NULL,'Target player draws seven cards.','The truth came to Kumena like the Great River\'s torrent: the only way to keep his enemies away from the hidden city was to claim its power for himself.','U'),(155.0,7.0,'Paladin of the Bloodstained','{3}{W}',4.0,3.0,2.0,NULL,'When Paladin of the Bloodstained enters the battlefield, create a 1/1 white Vampire creature token with lifelink.','Closely linked to the Church of Dusk, the paladins of the Bloodstained order are devout to the point of fanaticism.','W'),(156.0,94.0,'Perilous Voyage','{1}{U}',2.0,NULL,NULL,NULL,'Return target nonland permanent you don\'t control to its owner\'s hand. If its converted mana cost was 2 or less, scry 2.','For the first time in her life, Vraska tried to prevent death.','U'),(157.0,24.0,'Pillar of Origins','{2}',2.0,NULL,NULL,NULL,'As Pillar of Origins enters the battlefield, choose a creature type.£{T}: Add one mana of any color to your mana pool. Spend this mana only to cast a creature spell of the chosen type.',NULL,'A'),(158.0,55.0,'Pious Interdiction','{3}{W}',4.0,NULL,NULL,NULL,'Enchant creature£When Pious Interdiction enters the battlefield, you gain 2 life.£Enchanted creature can\'t attack or block.','\"Ours is the true and righteous path. You will bow before our might.\"','W'),(159.0,46.0,'Pirate\'s Cutlass','{3}',3.0,NULL,NULL,NULL,'When Pirate\'s Cutlass enters the battlefield, attach it to target Pirate you control.£Equipped creature gets +2/+1.£Equip {2} ',NULL,'A'),(160.0,23.0,'Pirate\'s Prize','{3}{U}',4.0,NULL,NULL,NULL,'Draw two cards. Create a colorless Treasure artifact token with \"{T}, Sacrifice this artifact: Add one mana of any color to your mana pool.\"','Nothing warms the heart like plunder.','U'),(161.0,86.0,'Plains',NULL,0.0,NULL,NULL,NULL,'{W}',NULL,'L'),(162.0,58.0,'Pounce','{1}{G}',2.0,NULL,NULL,NULL,'Target creature you control fights target creature you don\'t control. ','The drive to hunt and feed is raw instinct for dinosaurs. The trick is simply to channel it in the right direction.','G'),(163.0,7.0,'Priest of the Wakening Sun','{W}',1.0,1.0,1.0,NULL,'At the beginning of your upkeep, you may reveal a Dinosaur card from your hand. If you do, you gain 2 life.£{3}{W}{W}, Sacrifice Priest of the Wakening Sun: Search your library for a Dinosaur card, reveal it, put it into your hand, then shuffle your library.',NULL,'W'),(164.0,44.0,'Primal Amulet','{4}',4.0,NULL,NULL,NULL,'Instant and sorcery spells you cast cost {1} less to cast.£Whenever you cast an instant or sorcery spell, put a charge counter on Primal Amulet. Then if there are four or more charge counters on it, you may remove those counters and transform it.',NULL,'A'),(165.0,44.0,'Primal Wellspring',NULL,0.0,NULL,NULL,NULL,'£{T}: Add one mana of any color to your mana pool. When that mana is spent to cast an instant or sorcery spell, copy that spell and you may choose new targets for the copy.',NULL,'L'),(166.0,50.0,'Prosperous Pirates','{4}{U}',5.0,3.0,4.0,NULL,'When Prosperous Pirates enters the battlefield, create two colorless Treasure artifact tokens with \"{T}, Sacrifice this artifact: Add one mana of any color to your mana pool.\"','The floating city of High and Dry hasn\'t yet sunk under the weight of gold, but it\'s not for want of trying.','U'),(167.0,1.0,'Prying Blade','{1}',1.0,NULL,NULL,NULL,'Equipped creature gets +1/+0.£Whenever equipped creature deals combat damage to a player, create a colorless Treasure artifact token with \"{T}, Sacrifice this artifact: Add one mana of any color to your mana pool.\"£Equip {2} ',NULL,'A'),(168.0,6.0,'Pterodon Knight','{3}{W}',4.0,3.0,3.0,NULL,'Pterodon Knight has flying as long as you control a Dinosaur.','\"To rise like the sun—there is no greater feeling.\"','W'),(169.0,95.0,'Queen\'s Agent','{5}{B}',6.0,3.0,3.0,NULL,'Lifelink£When Queen\'s Agent enters the battlefield, it explores. ',NULL,'B'),(170.0,41.0,'Queen\'s Bay Soldier','{1}{B}',2.0,2.0,2.0,NULL,NULL,'The soldiers of the Legion of Dusk have come to the colonies at Queen\'s Bay in search of glory and riches. They are veterans of centuries of warfare, and they thirst for conquest.','B'),(171.0,60.0,'Queen\'s Commission','{2}{W}',3.0,NULL,NULL,NULL,'Create two 1/1 white Vampire creature tokens with lifelink.','\"Let the blood of the impure flow through you. Only the blessings of the golden city will purge its acrid taste from your mouth.\"£—High Marshal Arguel','W'),(172.0,34.0,'Raging Swordtooth','{3}{R}{G}',5.0,5.0,5.0,NULL,'Trample£When Raging Swordtooth enters the battlefield, it deals 1 damage to each other creature.','Carnivorous dinosaurs developed a taste for undead flesh, tracking the vampires by the scent of blood on their breath.','GR'),(173.0,99.0,'Raiders\' Wake','{3}{B}',4.0,NULL,NULL,NULL,'Whenever an opponent discards a card, that player loses 2 life.£Raid — At the beginning of your end step, if you attacked with a creature this turn, target opponent discards a card.','One was spared to tell the gruesome tale.','B'),(174.0,46.0,'Rallying Roar','{2}{W}',3.0,NULL,NULL,NULL,'Creatures you control get +1/+1 until end of turn. Untap them.','\"The sun\'s strength sings in our hearts! I have never been more proud of my home and my people.\"£—Huatli','W'),(175.0,48.0,'Rampaging Ferocidon','{2}{R}',3.0,3.0,3.0,NULL,'Menace£Players can\'t gain life.£Whenever another creature enters the battlefield, Rampaging Ferocidon deals 1 damage to that creature\'s controller.','All raptors are aggressive, but ferocidons seem to enjoy their prey\'s pain.','R'),(176.0,82.0,'Ranging Raptors','{2}{G}',3.0,2.0,3.0,NULL,'Enrage — Whenever Ranging Raptors is dealt damage, you may search your library for a basic land card, put it onto the battlefield tapped, then shuffle your library.','They cover their territory like a tide of teeth and claws.','G'),(177.0,83.0,'Raptor Companion','{1}{W}',2.0,3.0,1.0,NULL,NULL,'A raptor will follow any order as long as that order is \"hunt,\" \"kill,\" or \"go for the guts.\"','W'),(178.0,27.0,'Raptor Hatchling','{1}{R}',2.0,1.0,1.0,NULL,'Enrage — Whenever Raptor Hatchling is dealt damage, create a 3/3 green Dinosaur creature token with trample.','\"Every little hatchling has a parent\'s claws to guard it.\"£—Sun Empire saying','R'),(179.0,35.0,'Ravenous Daggertooth','{2}{G}',3.0,3.0,2.0,NULL,'Enrage — Whenever Ravenous Daggertooth is dealt damage, you gain 2 life.','A daggertooth\'s triumphant roar makes all the sounds of jungle life fall silent.','G'),(180.0,48.0,'Regisaur Alpha','{3}{R}{G}',5.0,4.0,4.0,NULL,'Other Dinosaurs you control have haste.£When Regisaur Alpha enters the battlefield, create a 3/3 green Dinosaur creature token with trample.','\"Seeing a pack of these monsters hunt together, I\'m at a loss to imagine the size of their prey.\"£—Adrian Adanto of Lujio','GR'),(181.0,20.0,'Repeating Barrage','{1}{R}{R}',3.0,NULL,NULL,NULL,'Repeating Barrage deals 3 damage to target creature or player.£Raid — {3}{R}{R}: Return Repeating Barrage from your graveyard to your hand. Activate this ability only if you attacked with a creature this turn.',NULL,'R'),(182.0,26.0,'Revel in Riches','{4}{B}',5.0,NULL,NULL,NULL,'Whenever a creature an opponent controls dies, create a colorless Treasure artifact token with \"{T}, Sacrifice this artifact: Add one mana of any color to your mana pool.\"£At the beginning of your upkeep, if you control ten or more Treasures, you win the game.',NULL,'B'),(183.0,82.0,'Rigging Runner','{R}',1.0,1.0,1.0,NULL,'First strike£Raid — Rigging Runner enters the battlefield with a +1/+1 counter on it if you attacked with a creature this turn.','The hook makes him feel brave, and the hat makes him feel fancy.','R'),(184.0,33.0,'Rile','{R}',1.0,NULL,NULL,NULL,'Rile deals 1 damage to target creature you control. That creature gains trample until end of turn.£Draw a card.','The enormous can still be at the mercy of the small.','R'),(185.0,75.0,'Ripjaw Raptor','{2}{G}{G}',4.0,4.0,5.0,NULL,'Enrage — Whenever Ripjaw Raptor is dealt damage, draw a card.','Raptors are clever enough to tear away a hard metal shell to get at the tasty morsel inside.','G'),(186.0,7.0,'Ritual of Rejuvenation','{2}{W}',3.0,NULL,NULL,NULL,'You gain 4 life.£Draw a card.','\"Nothing is more sacred than the gift of blood. Blessed are the vein that empties and the heart that is renewed.\"','W'),(187.0,4.0,'River Heralds\' Boon','{1}{G}',2.0,NULL,NULL,NULL,'Put a +1/+1 counter on target creature and a +1/+1 counter on up to one target Merfolk.','\"We are kin to the trees, and their strength is our own.\"','G'),(188.0,83.0,'River Sneak','{1}{U}',2.0,1.0,1.0,NULL,'River Sneak can\'t be blocked.£Whenever another Merfolk enters the battlefield under your control, River Sneak gets +1/+1 until end of turn.','No ripples, no splashes, no warning.','U'),(189.0,72.0,'River\'s Rebuke','{4}{U}{U}',6.0,NULL,NULL,NULL,'Return all nonland permanents target player controls to their owner\'s hand.','Carefully following the thaumatic compass Bolas had given her, Vraska blundered straight into the River Heralds\' trap.','U'),(190.0,32.0,'Rootbound Crag',NULL,0.0,NULL,NULL,NULL,'Rootbound Crag enters the battlefield tapped unless you control a Mountain or a Forest.£{T}: Add {R} or {G} to your mana pool.','Cliffs echo and branches quake at the roar of life.','L'),(191.0,84.0,'Rowdy Crew','{2}{R}{R}',4.0,3.0,3.0,NULL,'Trample£When Rowdy Crew enters the battlefield, draw three cards, then discard two cards at random. If two cards that share a card type are discarded this way, put two +1/+1 counters on Rowdy Crew.',NULL,'R'),(192.0,54.0,'Ruin Raider','{2}{B}',3.0,3.0,2.0,NULL,'Raid — At the beginning of your end step, if you attacked with a creature this turn, reveal the top card of your library and put that card into your hand. You lose life equal to the card\'s converted mana cost.',NULL,'B'),(193.0,83.0,'Rummaging Goblin','{2}{R}',3.0,1.0,1.0,NULL,'{T}, Discard a card: Draw a card.','Goblins\' eager curiosity leads them to scavenging, petty theft, and the rigging of sleek pirate ships. Some stop at scavenging.','R'),(194.0,77.0,'Run Aground','{3}{U}',4.0,NULL,NULL,NULL,'Put target artifact or creature on top of its owner\'s library.','\"That\'s the first time I\'ve seen the ground do the running.\"£—Captain Brinely Rage','U'),(195.0,1.0,'Ruthless Knave','{2}{B}',3.0,3.0,2.0,NULL,'{2}{B}, Sacrifice a creature: Create two colorless Treasure artifact tokens with \"{T}, Sacrifice this artifact: Add one mana of any color to your mana pool.\"£Sacrifice three Treasures: Draw a card.','\"This scum is barely worth the trouble.\"','B'),(196.0,75.0,'Sailor of Means','{2}{U}',3.0,1.0,4.0,NULL,'When Sailor of Means enters the battlefield, create a colorless Treasure artifact token with \"{T}, Sacrifice this artifact: Add one mana of any color to your mana pool.\"','In the Brazen Coalition, the wheels of business are greased with plunder.','U'),(197.0,92.0,'Sanctum Seeker','{2}{B}{B}',4.0,3.0,4.0,NULL,'Whenever a Vampire you control attacks, each opponent loses 1 life and you gain 1 life.','The Sanctum Seekers were the first of the knightly orders to cross the sea and are still the most zealous.','B'),(198.0,7.0,'Sanguine Sacrament','{X}{W}{W}',2.0,NULL,NULL,NULL,'You gain twice X life. Put Sanguine Sacrament on the bottom of its owner\'s library.','\"As the sun sets to make way for dawn, so we turn to darkness to bring about the coming salvation.\"','W'),(199.0,93.0,'Savage Stomp','{2}{G}',3.0,NULL,NULL,NULL,'Savage Stomp costs {2} less to cast if it targets a Dinosaur you control.£Put a +1/+1 counter on target creature you control. Then that creature fights target creature you don\'t control. ',NULL,'G'),(200.0,59.0,'Search for Azcanta','{1}{U}',2.0,NULL,NULL,NULL,'At the beginning of your upkeep, look at the top card of your library. You may put it into your graveyard. Then if you have seven or more cards in your graveyard, you may transform Search for Azcanta.','The Sunken Ruin houses all the learning of a long-forgotten age.','U'),(201.0,6.0,'Seekers\' Squire','{1}{B}',2.0,1.0,2.0,NULL,'When Seekers\' Squire enters the battlefield, it explores. ','Dusk follows the light.','B'),(202.0,6.0,'Sentinel Totem','{1}',1.0,NULL,NULL,NULL,'When Sentinel Totem enters the battlefield, scry 1. £{T}, Exile Sentinel Totem: Exile all cards from all graveyards.',NULL,'A'),(203.0,24.0,'Settle the Wreckage','{2}{W}{W}',4.0,NULL,NULL,NULL,'Exile all attacking creatures target player controls. That player may search his or her library for that many basic land cards, put those cards onto the battlefield tapped, then shuffle his or her library.',NULL,'W'),(204.0,39.0,'Shadowed Caravel','{2}',2.0,2.0,2.0,NULL,'Whenever a creature you control explores, put a +1/+1 counter on Shadowed Caravel.£Crew 2 ',NULL,'A'),(205.0,97.0,'Shaper Apprentice','{1}{U}',2.0,2.0,1.0,NULL,'Shaper Apprentice has flying as long as you control another Merfolk.','The River Heralds would wreck a thousand ships to keep intruders from finding the golden city.','U'),(206.0,14.0,'Shapers of Nature','{1}{G}{U}',3.0,3.0,3.0,NULL,'{3}{G}: Put a +1/+1 counter on target creature.£{2}{U}, Remove a +1/+1 counter from a creature you control: Draw a card.','Shapers adapt nature to fit their needs and then return it to the way it was, leaving no trace of their passing.','GU'),(207.0,100.0,'Shapers\' Sanctuary','{G}',1.0,NULL,NULL,NULL,'Whenever a creature you control becomes the target of a spell or ability an opponent controls, you may draw a card.','Protection is woven into every vine and branch.','G'),(208.0,30.0,'Sheltering Light','{W}',1.0,NULL,NULL,NULL,'Target creature gains indestructible until end of turn. Scry 1. ','Those who wield the power of the sun protect the Empire from darkness.','W'),(209.0,20.0,'Shining Aerosaur','{4}{W}',5.0,3.0,4.0,NULL,'Flying','\"The invaders cloak themselves in the shadows of dusk. Aerosaurs hide in the brilliance of the noonday sun.\"£—Caparocti Sunborn','W'),(210.0,93.0,'Shipwreck Looter','{1}{U}',2.0,2.0,1.0,NULL,'Raid — When Shipwreck Looter enters the battlefield, if you attacked with a creature this turn, you may draw a card. If you do, discard a card.','One pirate\'s wreck is another\'s reward.','U'),(211.0,98.0,'Shore Keeper','{U}',1.0,0.0,3.0,NULL,'{7}{U}, {T}, Sacrifice Shore Keeper: Draw three cards.','Over their long life spans, the larger trilobites accumulate vast treasure troves in their guts.','U'),(212.0,13.0,'Siren Lookout','{2}{U}',3.0,1.0,2.0,NULL,'Flying£When Siren Lookout enters the battlefield, it explores. ',NULL,'U'),(213.0,51.0,'Siren Stormtamer','{U}',1.0,1.0,1.0,NULL,'Flying£{U}, Sacrifice Siren Stormtamer: Counter target spell or ability that targets you or a creature you control.','He\'s the calm that hides the coming storm.','U'),(214.0,8.0,'Siren\'s Ruse','{1}{U}',2.0,NULL,NULL,NULL,'Exile target creature you control, then return that card to the battlefield under its owner\'s control. If a Pirate was exiled this way, draw a card.','Deception and misdirection are the heart of the pirate\'s arsenal.','U'),(215.0,1.0,'Skittering Heartstopper','{B}',1.0,1.0,2.0,NULL,'{B}: Skittering Heartstopper gains deathtouch until end of turn.','It flows like water over the forest floor, as deadly as the swiftest current.','B'),(216.0,23.0,'Skulduggery','{B}',1.0,NULL,NULL,NULL,'Until end of turn, target creature you control gets +1/+1 and target creature an opponent controls gets -1/-1.','\"They\'re so much more willing to parley once they\'re hanging from a boom by the ankle!\"','B'),(217.0,43.0,'Sky Terror','{R}{W}',2.0,2.0,2.0,NULL,'Flying, menace','\"Wherever the Threefold Sun shines, great wings may go.\"£—Emperor Apatzec Intli III','WR'),(218.0,19.0,'Skyblade of the Legion','{1}{W}',2.0,1.0,3.0,NULL,'Flying','Vampires call the gift of flight \"exultation.\" For their enemies, it brings only sorrow.','W'),(219.0,87.0,'Skymarch Bloodletter','{2}{B}',3.0,2.0,2.0,NULL,'Flying£When Skymarch Bloodletter enters the battlefield, target opponent loses 1 life and you gain 1 life.','From the perpetual shadowsmoke that hung above the ship, a silent form emerged, lips curled with malice and anticipation.','B'),(220.0,59.0,'Slash of Talons','{W}',1.0,NULL,NULL,NULL,'Slash of Talons deals 2 damage to target attacking or blocking creature.','\"The amber sun smokes with fury, gazing on foes that gather like ants invading our home. We are ready! Blade and claw strike as one.\"£—Huatli','W'),(221.0,61.0,'Sleek Schooner','{3}',3.0,4.0,3.0,NULL,'Crew 1 ','The pirates had left the open sea behind, but they were still in their element: reckless adventure.','A'),(222.0,27.0,'Slice in Twain','{2}{G}{G}',4.0,NULL,NULL,NULL,'Destroy target artifact or enchantment.£Draw a card.','The magic of the River Heralds is so great that even a single shaman can fend off a pirate landing party.','G'),(223.0,20.0,'Snapping Sailback','{4}{G}',5.0,4.0,4.0,NULL,'Flash£Enrage — Whenever Snapping Sailback is dealt damage, put a +1/+1 counter on it. ','Lurking beneath the murky waters of Ixalan\'s rivers, sailbacks can rip a meal off the shore in the blink of an eye.','G'),(224.0,54.0,'Sorcerous Spyglass','{2}',2.0,NULL,NULL,NULL,'As Sorcerous Spyglass enters the battlefield, look at an opponent\'s hand, then choose any card name.£Activated abilities of sources with the chosen name can\'t be activated unless they\'re mana abilities.',NULL,'A'),(225.0,23.0,'Spell Pierce','{U}',1.0,NULL,NULL,NULL,'Counter target noncreature spell unless its controller pays {2}.','\"A fool\'s fire is quickly quenched.\"£—Shaper Kumena','U'),(226.0,90.0,'Spell Swindle','{3}{U}{U}',5.0,NULL,NULL,NULL,'Counter target spell. Create X colorless Treasure artifact tokens, where X is that spell\'s converted mana cost. They have \"{T}, Sacrifice this artifact: Add one mana of any color to your mana pool.\"',NULL,'U'),(227.0,57.0,'Spike-Tailed Ceratops','{4}{G}',5.0,4.0,4.0,NULL,'Spike-Tailed Ceratops can block an additional creature each combat.','The conquistadors surrounded the dinosaur only to find that it had outflanked them.','G'),(228.0,96.0,'Spires of Orazca',NULL,0.0,NULL,NULL,NULL,'£{T}: Add {C} to your mana pool.£{T}: Untap target attacking creature an opponent controls and remove it from combat.','\". . . a cryptic objective.\"£—Jace Beleren','L'),(229.0,47.0,'Spitfire Bastion',NULL,0.0,NULL,NULL,NULL,'£{T}: Add {R} to your mana pool.£{2}{R}, {T}: Spitfire Bastion deals 3 damage to target creature or player.','Now instead of a ship, Ripley Vance commands a fortress.','L'),(230.0,96.0,'Spreading Rot','{4}{B}',5.0,NULL,NULL,NULL,'Destroy target land. Its controller loses 2 life.','\"What is this foul presence that defies the sun\'s cleansing rays?\"£—Itzama the Crested','B'),(231.0,12.0,'Star of Extinction','{5}{R}{R}',7.0,NULL,NULL,NULL,'Destroy target land. Star of Extinction deals 20 damage to each creature and each planeswalker.','\"The visions haunt me. I see the end of the world, brought on by the search for the Immortal Sun.\"£—Shaper Pashona','R'),(232.0,31.0,'Steadfast Armasaur','{3}{W}',4.0,2.0,3.0,NULL,'Vigilance£{1}{W}, {T}: Steadfast Armasaur deals damage equal to its toughness to target creature blocking or blocked by it.','\"Like the mighty armasaur, we will defend against all who invade our shores.\"£—Itzama the Crested','W'),(233.0,68.0,'Stone Quarry',NULL,0.0,NULL,NULL,NULL,'Stone Quarry enters the battlefield tapped.£{T}: Add {R} or {W} to your mana pool.','The Sun Empire\'s cities are built from the bones of the earth.','L'),(234.0,41.0,'Storm Fleet Aerialist','{1}{U}',2.0,1.0,2.0,NULL,'Flying£Raid — Storm Fleet Aerialist enters the battlefield with a +1/+1 counter on it if you attacked with a creature this turn.','\"Only one thing beats the freedom of the sea: the freedom of the sky.\"','U'),(235.0,38.0,'Storm Fleet Arsonist','{4}{R}',5.0,4.0,4.0,NULL,'Raid — When Storm Fleet Arsonist enters the battlefield, if you attacked with a creature this turn, target opponent sacrifices a permanent.','\"Go ahead, build another. I\'ll burn that down as well.\"','R'),(236.0,54.0,'Storm Fleet Pyromancer','{4}{R}',5.0,3.0,2.0,NULL,'Raid — When Storm Fleet Pyromancer enters the battlefield, if you attacked with a creature this turn, Storm Fleet Pyromancer deals 2 damage to target creature or player.',NULL,'R'),(237.0,78.0,'Storm Fleet Spy','{2}{U}',3.0,2.0,2.0,NULL,'Raid — When Storm Fleet Spy enters the battlefield, if you attacked with a creature this turn, draw a card.','\"They\'re searching in the same direction we are. And for the same thing, I\'ll wager.\"','U'),(238.0,81.0,'Storm Sculptor','{3}{U}',4.0,3.0,2.0,NULL,'Storm Sculptor can\'t be blocked.£When Storm Sculptor enters the battlefield, return a creature you control to its owner\'s hand.','In his hands, the wind can become a weapon or a means of escape.','U'),(239.0,15.0,'Sunbird\'s Invocation','{5}{R}',6.0,NULL,NULL,NULL,'Whenever you cast a spell from your hand, reveal the top X cards of your library, where X is that spell\'s converted mana cost. You may cast a card revealed this way with converted mana cost X or less without paying its mana cost. Put the rest on the bottom of your library in a random order.',NULL,'R'),(240.0,42.0,'Sun-Blessed Mount','{3}{R}{W}',5.0,4.0,4.0,NULL,'When Sun-Blessed Mount enters the battlefield, you may search your library and/or graveyard for a card named Huatli, Dinosaur Knight, reveal it, then put it into your hand. If you searched your library this way, shuffle it.','When Huatli chooses a mount, its eyes glow with the flames of the sun.','WR'),(241.0,1.0,'Sun-Crowned Hunters','{4}{R}{R}',6.0,5.0,4.0,NULL,'Enrage — Whenever Sun-Crowned Hunters is dealt damage, it deals 3 damage to target opponent.','One alone is dangerous, and they are never alone.','R'),(242.0,24.0,'Sunpetal Grove',NULL,0.0,NULL,NULL,NULL,'Sunpetal Grove enters the battlefield tapped unless you control a Forest or a Plains.£{T}: Add {G} or {W} to your mana pool.','To the Sun Empire, any place where daylight brightens the jungle floor is sacred ground.','L'),(243.0,28.0,'Sunrise Seeker','{4}{W}',5.0,3.0,3.0,NULL,'Vigilance£When Sunrise Seeker enters the battlefield, it explores. ',NULL,'W'),(244.0,34.0,'Sure Strike','{1}{R}',2.0,NULL,NULL,NULL,'Target creature gets +3/+0 and gains first strike until end of turn.','\"Everyone has a weak spot.\"','R'),(245.0,86.0,'Swamp',NULL,0.0,NULL,NULL,NULL,'{B}',NULL,'L'),(246.0,51.0,'Swashbuckling','{1}{R}',2.0,NULL,NULL,NULL,'Enchant creature£Enchanted creature gets +2/+2 and has haste.','The pirates of the Brazen Coalition are the descendants of those displaced by the Legion of Dusk, and they are eager for vengeance.','R'),(247.0,26.0,'Sword-Point Diplomacy','{2}{B}',3.0,NULL,NULL,NULL,'Reveal the top three cards of your library. For each of those cards, put that card into your hand unless any opponent pays 3 life. Then exile the rest.','\"Take my blood if you want. Just don\'t take my gold!\"','B'),(248.0,74.0,'Tempest Caller','{2}{U}{U}',4.0,2.0,3.0,NULL,'When Tempest Caller enters the battlefield, tap all creatures target opponent controls.','\"I am the storm.\"','U'),(249.0,19.0,'Temple of Aclazotz',NULL,0.0,NULL,NULL,NULL,'£{T}: Add {B} to your mana pool.£{T}, Sacrifice a creature: You gain life equal to the sacrificed creature\'s toughness.','. . . to the lost temple of a bat-god of night, eternal enemy to the Threefold Sun.','L'),(250.0,56.0,'Territorial Hammerskull','{2}{W}',3.0,2.0,3.0,NULL,'Whenever Territorial Hammerskull attacks, tap target creature an opponent controls.','From the eyes up, it\'s solid bone and stubbornness.','W'),(251.0,96.0,'Thaumatic Compass','{2}',2.0,NULL,NULL,NULL,'{3}, {T}: Search your library for a basic land card, reveal it, put it into your hand, then shuffle your library.£At the beginning of your end step, if you control seven or more lands, transform Thaumatic Compass.','\"Clearly, it indicates the aetheric azimuth of . . .\"£—Jace Beleren','A'),(252.0,48.0,'Thrash of Raptors','{3}{R}',4.0,3.0,3.0,NULL,'As long as you control another Dinosaur, Thrash of Raptors gets +2/+0 and has trample.','They glide through the undergrowth, drawn to sounds of disturbance. They attack in unison and all share in the kill. And then they move on.','R'),(253.0,87.0,'Thundering Spineback','{5}{G}{G}',7.0,5.0,5.0,NULL,'Other Dinosaurs you control get +1/+1.£{5}{G}: Create a 3/3 green Dinosaur creature token with trample.','\"It appears that nature has risen against us.\"£—Captain Brinely Rage','G'),(254.0,57.0,'Tilonalli\'s Knight','{1}{R}',2.0,2.0,2.0,NULL,'Whenever Tilonalli\'s Knight attacks, if you control a Dinosaur, Tilonalli\'s Knight gets +1/+1 until end of turn.','The people of the Sun Empire worship the sun in three aspects. Tilonalli is the Burning Sun, associated with ferocity, fire, and passion.','R'),(255.0,40.0,'Tilonalli\'s Skinshifter','{2}{R}',3.0,0.0,1.0,NULL,'Haste£Whenever Tilonalli\'s Skinshifter attacks, it becomes a copy of another target nonlegendary attacking creature until end of turn.','\"I am the ferocity of the Burning Sun. I am hide and feather, fang and claw.\"','R'),(256.0,5.0,'Tishana, Voice of Thunder','{5}{G}{U}',7.0,0.0,0.0,NULL,'Tishana, Voice of Thunder\'s power and toughness are each equal to the number of cards in your hand.£You have no maximum hand size.£When Tishana enters the battlefield, draw a card for each creature you control.',NULL,'GU'),(257.0,80.0,'Tishana\'s Wayfinder','{2}{G}',3.0,2.0,2.0,NULL,'When Tishana\'s Wayfinder enters the battlefield, it explores. ','\"There is always another way.\"','G'),(258.0,77.0,'Tocatli Honor Guard','{1}{W}',2.0,1.0,3.0,NULL,'Creatures entering the battlefield don\'t cause abilities to trigger.','The glorious city of Pachatupa is the center of the Sun Empire, and Tocatli, the emperor\'s palace, is its glowing heart.','W'),(259.0,16.0,'Treasure Cove',NULL,0.0,NULL,NULL,NULL,'£{T}: Add {C} to your mana pool.£{T}, Sacrifice a Treasure: Draw a card.','Half the treasure is the glory of finding it.','L'),(260.0,16.0,'Treasure Map','{2}',2.0,NULL,NULL,NULL,'{1}, {T}: Scry 1. Put a landmark counter on Treasure Map. Then if there are three or more landmark counters on it, remove those counters, transform Treasure Map, and create three colorless Treasure artifact tokens with \"{T}, Sacrifice this artifact: Add one mana of any color to your mana pool.\"',NULL,'A'),(261.0,47.0,'Trove of Temptation','{3}{R}',4.0,NULL,NULL,NULL,'Each opponent must attack you or a planeswalker you control with at least one creature each combat if able.£At the beginning of your end step, create a colorless Treasure artifact token with \"{T}, Sacrifice this artifact: Add one mana of any color to your mana pool.\"',NULL,'R'),(262.0,24.0,'Unclaimed Territory',NULL,0.0,NULL,NULL,NULL,'As Unclaimed Territory enters the battlefield, choose a creature type.£{T}: Add {C} to your mana pool.£{T}: Add one mana of any color to your mana pool. Spend this mana only to cast a creature spell of the chosen type.',NULL,'L'),(263.0,51.0,'Unfriendly Fire','{4}{R}',5.0,NULL,NULL,NULL,'Unfriendly Fire deals 4 damage to target creature or player.','Disputes within the Brazen Coalition can escalate from insult to broadside in the blink of an eye.','R'),(264.0,73.0,'Unknown Shores',NULL,0.0,NULL,NULL,NULL,'{T}: Add {C} to your mana pool.£{1}, {T}: Add one mana of any color to your mana pool.','\"Just imagine what\'s waiting around the bend. Adventure. Discovery. Riches for the taking. This is why I sail.\"£—Captain Lannery Storm','L'),(265.0,30.0,'Vampire\'s Zeal','{W}',1.0,NULL,NULL,NULL,'Target creature gets +2/+2 until end of turn. If it\'s a Vampire, it gains first strike until end of turn.','The Feast of Blood sends new life essence flowing through the vampire who partakes, manifesting as even greater strength and speed.','W'),(266.0,47.0,'Vance\'s Blasting Cannons','{3}{R}',4.0,NULL,NULL,NULL,'At the beginning of your upkeep, exile the top card of your library. If it\'s a nonland card, you may cast that card this turn.£Whenever you cast your third spell in a turn, you may transform Vance\'s Blasting Cannons.','With a broadside assault, Captain Vance carved the cliffs to form her new home.','R'),(267.0,22.0,'Vanquish the Weak','{2}{B}',3.0,NULL,NULL,NULL,'Destroy target creature with power 3 or less.','The clerics known as condemners punish those who do not recognize the righteous authority of the church.','B'),(268.0,64.0,'Vanquisher\'s Banner','{5}',5.0,NULL,NULL,NULL,'As Vanquisher\'s Banner enters the battlefield, choose a creature type.£Creatures you control of the chosen type get +1/+1.£Whenever you cast a creature spell of the chosen type, draw a card.',NULL,'A'),(269.0,51.0,'Verdant Rebirth','{1}{G}',2.0,NULL,NULL,NULL,'Until end of turn, target creature gains \"When this creature dies, return it to its owner\'s hand.\"£Draw a card.','The dryads of the forest have no stake in Ixalan\'s conflict, but they hate to see any living being suffer.','G'),(270.0,34.0,'Verdant Sun\'s Avatar','{5}{G}{G}',7.0,5.0,5.0,NULL,'Whenever Verdant Sun\'s Avatar or another creature enters the battlefield under your control, you gain life equal to that creature\'s toughness.','\"Ixalli\'s fertile rays enliven us all. Each of us is a testament to the sun\'s strength and love.\"£—Chitlati, Lightning Rider','G'),(271.0,54.0,'Vicious Conquistador','{B}',1.0,1.0,2.0,NULL,'Whenever Vicious Conquistador attacks, each opponent loses 1 life.','\"He is ambitious. Tireless. And utterly ruthless. Ideal for the frontier.\"£—Viceroy Elia Sotonores, report to the queen','B'),(272.0,54.0,'Vineshaper Mystic','{2}{G}',3.0,1.0,3.0,NULL,'When Vineshaper Mystic enters the battlefield, put a +1/+1 counter on each of up to two target Merfolk you control.','She has never touched a loom, yet the tapestries she weaves are vast and beautiful.','G'),(273.0,92.0,'Vona, Butcher of Magan','{3}{W}{B}',5.0,4.0,4.0,NULL,'Vigilance, lifelink£{T}, Pay 7 life: Destroy target nonland permanent. Activate this ability only during your turn.','\"For four hundred years, I have led armies of conquest. These lands hold nothing that can stand against me.\"','WB'),(274.0,12.0,'Vraska, Relic Seeker','{4}{B}{G}',6.0,NULL,NULL,6,'+2: Create a 2/2 black Pirate creature token with menace.£?3: Destroy target artifact, creature, or enchantment. Create a colorless Treasure artifact token with \"{T}, Sacrifice this artifact: Add one mana of any color to your mana pool.\"£?10: Target player\'s life total becomes 1.',NULL,'GB'),(275.0,17.0,'Vraska\'s Contempt','{2}{B}{B}',4.0,NULL,NULL,NULL,'Exile target creature or planeswalker. You gain 2 life.','It wasn\'t long before the taverns of High and Dry were full of whispers about the new captain who could turn a person to stone with a glance.','B'),(276.0,89.0,'Wakening Sun\'s Avatar','{5}{W}{W}{W}',8.0,7.0,7.0,NULL,'When Wakening Sun\'s Avatar enters the battlefield, if you cast it from your hand, destroy all non-Dinosaur creatures.','\"Kinjalli\'s encompassing rays herald new life in the moment of the sun\'s dawning.\"£—Chitlati, Lightning Rider','W'),(277.0,80.0,'Waker of the Wilds','{2}{G}{G}',4.0,3.0,3.0,NULL,'{X}{G}{G}: Put X +1/+1 counters on target land you control. That land becomes a 0/0 Elemental creature with haste. It\'s still a land.','\"Our foes are many and mighty, but not as many as the trees or as mighty as the sea.\"','G'),(278.0,54.0,'Walk the Plank','{B}{B}',2.0,NULL,NULL,NULL,'Destroy target non-Merfolk creature.','When Captain Thorn adds a new ship to his fleet, he gives the crew a simple choice: follow me, or fall in the sea.','B'),(279.0,92.0,'Wanted Scoundrels','{1}{B}',2.0,4.0,3.0,NULL,'When Wanted Scoundrels dies, target opponent creates two colorless Treasure artifact tokens with \"{T}, Sacrifice this artifact: Add one mana of any color to your mana pool.\"','\"Trust me. The reward\'s not worth it.\"','B'),(280.0,51.0,'Watertrap Weaver','{2}{U}',3.0,2.0,2.0,NULL,'When Watertrap Weaver enters the battlefield, tap target creature an opponent controls. That creature doesn\'t untap during its controller\'s next untap step.','The river is a powerful friend.','U'),(281.0,74.0,'Wildgrowth Walker','{1}{G}',2.0,1.0,3.0,NULL,'Whenever a creature you control explores, put a +1/+1 counter on Wildgrowth Walker and you gain 3 life.','\"Hear me, stone, root, branch: be the fist of this land. Turn back those who trample upon your domain.\"£—Song of the Shaper','G'),(282.0,84.0,'Wily Goblin','{R}{R}',2.0,1.0,1.0,NULL,'When Wily Goblin enters the battlefield, create a colorless Treasure artifact token with \"{T}, Sacrifice this artifact: Add one mana of any color to your mana pool.\"','Goblins climb and swing with ease, whether through a pirate ship\'s rigging or a tree\'s branches.','R'),(283.0,59.0,'Wind Strider','{4}{U}',5.0,3.0,3.0,NULL,'Flash£Flying','\"Currents are currents, whether in sea or sky.\"','U'),(284.0,35.0,'Woodland Stream',NULL,0.0,NULL,NULL,NULL,'Woodland Stream enters the battlefield tapped.£{T}: Add {G} or {U} to your mana pool.','Countless streams flow into the nine rivers, and the nine rivers flow into the Great River. The River Heralds guard them all.','L'),(285.0,15.0,'Forest',NULL,0.0,NULL,NULL,NULL,'{G}',NULL,'L'),(286.0,71.0,'Forest',NULL,0.0,NULL,NULL,NULL,'{G}',NULL,'L'),(287.0,65.0,'Forest',NULL,0.0,NULL,NULL,NULL,'{G}',NULL,'L'),(288.0,15.0,'Island',NULL,0.0,NULL,NULL,NULL,'{U}',NULL,'L'),(289.0,71.0,'Island',NULL,0.0,NULL,NULL,NULL,'{U}',NULL,'L'),(290.0,65.0,'Island',NULL,0.0,NULL,NULL,NULL,'{U}',NULL,'L'),(291.0,15.0,'Mountain',NULL,0.0,NULL,NULL,NULL,'{R}',NULL,'L'),(292.0,71.0,'Mountain',NULL,0.0,NULL,NULL,NULL,'{R}',NULL,'L'),(293.0,65.0,'Mountain',NULL,0.0,NULL,NULL,NULL,'{R}',NULL,'L'),(294.0,15.0,'Plains',NULL,0.0,NULL,NULL,NULL,'{W}',NULL,'L'),(295.0,71.0,'Plains',NULL,0.0,NULL,NULL,NULL,'{W}',NULL,'L'),(296.0,65.0,'Plains',NULL,0.0,NULL,NULL,NULL,'{W}',NULL,'L'),(297.0,15.0,'Swamp',NULL,0.0,NULL,NULL,NULL,'{B}',NULL,'L'),(298.0,71.0,'Swamp',NULL,0.0,NULL,NULL,NULL,'{B}',NULL,'L'),(299.0,65.0,'Swamp',NULL,0.0,NULL,NULL,NULL,'{B}',NULL,'L');
/*!40000 ALTER TABLE `card` ENABLE KEYS */;
UNLOCK TABLES;

--
-- Table structure for table `deck`
--

DROP TABLE IF EXISTS `deck`;
/*!40101 SET @saved_cs_client     = @@character_set_client */;
/*!40101 SET character_set_client = utf8 */;
CREATE TABLE `deck` (
  `Deck_ID` decimal(2,1) NOT NULL,
  `DeckName` varchar(30) DEFAULT NULL,
  PRIMARY KEY (`Deck_ID`)
) ENGINE=InnoDB DEFAULT CHARSET=latin1;
/*!40101 SET character_set_client = @saved_cs_client */;

--
-- Dumping data for table `deck`
--

LOCK TABLES `deck` WRITE;
/*!40000 ALTER TABLE `deck` DISABLE KEYS */;
INSERT INTO `deck` VALUES (1.0,'Simic Merfolk'),(2.0,'Boros Dinosaurs'),(3.0,'Orzhov Vampires'),(4.0,'Dimir Pirates');
/*!40000 ALTER TABLE `deck` ENABLE KEYS */;
UNLOCK TABLES;

--
-- Table structure for table `deckcard`
--

DROP TABLE IF EXISTS `deckcard`;
/*!40101 SET @saved_cs_client     = @@character_set_client */;
/*!40101 SET character_set_client = utf8 */;
CREATE TABLE `deckcard` (
  `DeckCard_ID` decimal(3,1) NOT NULL,
  `Card_ID` decimal(4,1) DEFAULT NULL,
  `Deck_ID` decimal(2,1) DEFAULT NULL,
  `Number_Of_Cards` decimal(3,1) DEFAULT NULL,
  PRIMARY KEY (`DeckCard_ID`),
  KEY `Card_ID_FK` (`Card_ID`),
  KEY `Deck_ID_FK` (`Deck_ID`),
  CONSTRAINT `Card_ID_FK` FOREIGN KEY (`Card_ID`) REFERENCES `card` (`Card_ID`),
  CONSTRAINT `Deck_ID_FK` FOREIGN KEY (`Deck_ID`) REFERENCES `deck` (`Deck_ID`)
) ENGINE=InnoDB DEFAULT CHARSET=latin1;
/*!40101 SET character_set_client = @saved_cs_client */;

--
-- Dumping data for table `deckcard`
--

LOCK TABLES `deckcard` WRITE;
/*!40000 ALTER TABLE `deckcard` DISABLE KEYS */;
INSERT INTO `deckcard` VALUES (1.0,105.0,1.0,1.0),(2.0,90.0,1.0,1.0),(3.0,130.0,1.0,2.0),(4.0,125.0,1.0,2.0),(5.0,54.0,1.0,2.0),(6.0,123.0,1.0,3.0),(7.0,205.0,1.0,2.0),(8.0,272.0,1.0,2.0),(9.0,206.0,1.0,2.0),(10.0,124.0,1.0,2.0),(11.0,103.0,1.0,2.0),(12.0,248.0,1.0,1.0),(13.0,4.0,1.0,2.0),(14.0,98.0,1.0,2.0),(15.0,187.0,1.0,3.0),(16.0,33.0,1.0,4.0),(17.0,284.0,1.0,4.0),(18.0,285.0,1.0,11.0),(19.0,288.0,1.0,11.0),(20.0,122.0,1.0,1.0),(21.0,240.0,2.0,2.0),(22.0,97.0,2.0,1.0),(23.0,27.0,2.0,1.0),(24.0,126.0,2.0,2.0),(25.0,111.0,2.0,4.0),(26.0,177.0,2.0,2.0),(27.0,254.0,2.0,2.0),(28.0,92.0,2.0,2.0),(29.0,250.0,2.0,2.0),(30.0,23.0,2.0,2.0),(31.0,168.0,2.0,2.0),(32.0,209.0,2.0,2.0),(33.0,112.0,2.0,3.0),(34.0,220.0,2.0,2.0),(35.0,134.0,2.0,2.0),(36.0,174.0,2.0,2.0),(37.0,233.0,2.0,4.0),(38.0,291.0,2.0,11.0),(39.0,294.0,2.0,11.0),(40.0,109.0,2.0,1.0),(41.0,9.0,3.0,1.0),(42.0,18.0,3.0,3.0),(43.0,21.0,3.0,1.0),(44.0,28.0,3.0,1.0),(45.0,72.0,3.0,2.0),(46.0,74.0,3.0,4.0),(47.0,133.0,3.0,4.0),(48.0,294.0,3.0,11.0),(49.0,171.0,3.0,4.0),(50.0,197.0,3.0,3.0),(51.0,218.0,3.0,3.0),(52.0,297.0,3.0,9.0),(53.0,262.0,3.0,4.0),(54.0,268.0,3.0,2.0),(55.0,271.0,3.0,3.0),(56.0,273.0,3.0,2.0),(57.0,278.0,3.0,3.0),(58.0,35.0,4.0,2.0),(59.0,40.0,4.0,1.0),(60.0,41.0,4.0,2.0),(61.0,47.0,4.0,3.0),(62.0,58.0,4.0,2.0),(63.0,62.0,4.0,2.0),(64.0,70.0,4.0,2.0),(65.0,85.0,4.0,1.0),(66.0,108.0,4.0,1.0),(67.0,288.0,4.0,10.0),(68.0,128.0,4.0,1.0),(69.0,152.0,4.0,2.0),(70.0,159.0,4.0,1.0),(71.0,160.0,4.0,2.0),(72.0,166.0,4.0,2.0),(73.0,167.0,4.0,1.0),(74.0,182.0,4.0,2.0),(75.0,195.0,4.0,3.0),(76.0,196.0,4.0,2.0),(77.0,210.0,4.0,2.0),(78.0,226.0,4.0,2.0),(79.0,297.0,4.0,9.0),(80.0,260.0,4.0,1.0),(81.0,268.0,4.0,1.0),(82.0,278.0,4.0,3.0);
/*!40000 ALTER TABLE `deckcard` ENABLE KEYS */;
UNLOCK TABLES;

--
-- Table structure for table `subtypes`
--

DROP TABLE IF EXISTS `subtypes`;
/*!40101 SET @saved_cs_client     = @@character_set_client */;
/*!40101 SET character_set_client = utf8 */;
CREATE TABLE `subtypes` (
  `Name` varchar(30) DEFAULT NULL,
  `Card_ID` decimal(4,1) DEFAULT NULL,
  KEY `Card_ID_Foreign_KEY` (`Card_ID`),
  CONSTRAINT `Card_ID_Foreign_KEY` FOREIGN KEY (`Card_ID`) REFERENCES `card` (`Card_ID`)
) ENGINE=InnoDB DEFAULT CHARSET=latin1;
/*!40101 SET character_set_client = @saved_cs_client */;

--
-- Dumping data for table `subtypes`
--

LOCK TABLES `subtypes` WRITE;
/*!40000 ALTER TABLE `subtypes` DISABLE KEYS */;
INSERT INTO `subtypes` VALUES ('Soldier',1.0),('Vampire',1.0),(NULL,2.0),('Pirate',3.0),('Human',3.0),('Elemental',4.0),('Dinosaur',5.0),('Pirate',6.0),('Human',6.0),('Cleric',7.0),('Vampire',7.0),(NULL,8.0),(NULL,9.0),(NULL,10.0),('Archer',11.0),('Human',11.0),(NULL,12.0),(NULL,13.0),('Dinosaur',14.0),('Dinosaur',15.0),('Cleric',16.0),('Vampire',16.0),('Cleric',17.0),('Vampire',17.0),('Soldier',18.0),('Vampire',18.0),('Imp',19.0),('Bat',19.0),(NULL,20.0),('Knight',21.0),('Vampire',21.0),('Dryad',22.0),('Dinosaur',23.0),(NULL,24.0),('Pirate',25.0),('Human',25.0),(NULL,26.0),('Avatar',27.0),('Dinosaur',27.0),(NULL,28.0),(NULL,29.0),('Pirate',30.0),('Human',30.0),('Pirate',31.0),('Human',31.0),('Dinosaur',32.0),('Aura',33.0),('Dinosaur',34.0),(NULL,35.0),('Equipment',36.0),('Dinosaur',37.0),(NULL,38.0),(NULL,39.0),('Vehicle',40.0),(NULL,41.0),(NULL,42.0),(NULL,43.0),(NULL,44.0),('Pirate',45.0),('Human',45.0),(NULL,46.0),('Pirate',47.0),('Human',47.0),('Pirate',48.0),('Human',48.0),('Pirate',49.0),('Human',49.0),('Pirate',50.0),('Human',50.0),('Dinosaur',51.0),('Knight',52.0),('Vampire',52.0),('Shaman',53.0),('Merfolk',53.0),('Warrior',54.0),('Merfolk',54.0),(NULL,55.0),(NULL,56.0),(NULL,57.0),(NULL,58.0),('Pirate',59.0),('Human',59.0),(NULL,60.0),('Pirate',61.0),('Orc',61.0),('Pirate',62.0),('Human',62.0),('Pirate',63.0),('Human',63.0),('Pirate',64.0),('Wizard',64.0),('Orc',64.0),(NULL,65.0),('Equipment',66.0),(NULL,67.0),('Pirate',68.0),('Siren',68.0),('Druid',69.0),('Human',69.0),(NULL,70.0),(NULL,71.0),(NULL,72.0),('Vehicle',73.0),('Cleric',74.0),('Vampire',74.0),(NULL,75.0),(NULL,76.0),('Cleric',77.0),('Human',77.0),('Scout',78.0),('Human',78.0),('Hound',79.0),(NULL,80.0),('Pirate',81.0),('Human',81.0),('Pirate',82.0),('Human',82.0),('Pirate',83.0),('Human',83.0),(NULL,84.0),('Vehicle',85.0),(NULL,86.0),(NULL,87.0),('Elemental',88.0),(NULL,89.0),('Fish',90.0),('Forest',91.0),('Dinosaur',92.0),('Golem',93.0),('Avatar',94.0),('Dinosaur',94.0),(NULL,95.0),('Soldier',96.0),('Vampire',96.0),('Dinosaur',97.0),(NULL,98.0),('Dinosaur',99.0),(NULL,100.0),(NULL,101.0),('Pirate',102.0),('Orc',102.0),('Warrior',103.0),('Merfolk',103.0),(NULL,104.0),('Warrior',105.0),('Merfolk',105.0),(NULL,106.0),(NULL,107.0),('Pirate',108.0),('Human',108.0),('Huatli',109.0),('Huatli',110.0),('Dinosaur',111.0),(NULL,112.0),('Dinosaur',113.0),('Knight',114.0),('Human',114.0),('Cleric',115.0),('Vampire',115.0),('Island',116.0),(NULL,117.0),(NULL,118.0),('Druid',119.0),('Human',119.0),('Shaman',120.0),('Human',120.0),('Jace',121.0),('Jace',122.0),('Warrior',123.0),('Merfolk',123.0),('Shaman',124.0),('Merfolk',124.0),('Warrior',125.0),('Merfolk',125.0),('Cleric',126.0),('Human',126.0),('Dinosaur',127.0),('Pirate',128.0),('Human',128.0),('Wizard',129.0),('Merfolk',129.0),('Shaman',130.0),('Merfolk',130.0),('Soldier',131.0),('Vampire',131.0),(NULL,132.0),(NULL,133.0),(NULL,134.0),('Pirate',135.0),('Goblin',135.0),(NULL,136.0),('Dinosaur',137.0),(NULL,138.0),('Horror',139.0),('Beast',139.0),(NULL,140.0),('Pirate',141.0),('Human',141.0),(NULL,142.0),('Aura',143.0),('Cleric',144.0),('Vampire',144.0),('Scout',145.0),('Merfolk',145.0),('Mountain',146.0),(NULL,147.0),('Dinosaur',148.0),('Aura',149.0),('Dryad',150.0),('Aura',151.0),(NULL,152.0),('Shaman',153.0),('Human',153.0),(NULL,154.0),('Knight',155.0),('Vampire',155.0),(NULL,156.0),(NULL,157.0),('Aura',158.0),('Equipment',159.0),(NULL,160.0),('Plains',161.0),(NULL,162.0),('Cleric',163.0),('Human',163.0),(NULL,164.0),(NULL,165.0),('Pirate',166.0),('Human',166.0),('Equipment',167.0),('Knight',168.0),('Human',168.0),('Scout',169.0),('Vampire',169.0),('Soldier',170.0),('Vampire',170.0),(NULL,171.0),('Dinosaur',172.0),(NULL,173.0),(NULL,174.0),('Dinosaur',175.0),('Dinosaur',176.0),('Dinosaur',177.0),('Dinosaur',178.0),('Dinosaur',179.0),('Dinosaur',180.0),(NULL,181.0),(NULL,182.0),('Pirate',183.0),('Goblin',183.0),(NULL,184.0),('Dinosaur',185.0),(NULL,186.0),(NULL,187.0),('Warrior',188.0),('Merfolk',188.0),(NULL,189.0),(NULL,190.0),('Pirate',191.0),('Human',191.0),('Pirate',192.0),('Orc',192.0),('Rogue',193.0),('Goblin',193.0),(NULL,194.0),('Pirate',195.0),('Orc',195.0),('Pirate',196.0),('Human',196.0),('Knight',197.0),('Vampire',197.0),(NULL,198.0),(NULL,199.0),(NULL,200.0),('Scout',201.0),('Human',201.0),(NULL,202.0),(NULL,203.0),('Vehicle',204.0),('Wizard',205.0),('Merfolk',205.0),('Shaman',206.0),('Merfolk',206.0),(NULL,207.0),(NULL,208.0),('Dinosaur',209.0),('Pirate',210.0),('Human',210.0),('Trilobite',211.0),('Pirate',212.0),('Siren',212.0),('Pirate',213.0),('Wizard',213.0),('Siren',213.0),(NULL,214.0),('Insect',215.0),(NULL,216.0),('Dinosaur',217.0),('Soldier',218.0),('Vampire',218.0),('Soldier',219.0),('Vampire',219.0),(NULL,220.0),('Vehicle',221.0),(NULL,222.0),('Dinosaur',223.0),(NULL,224.0),(NULL,225.0),(NULL,226.0),('Dinosaur',227.0),(NULL,228.0),(NULL,229.0),(NULL,230.0),(NULL,231.0),('Dinosaur',232.0),(NULL,233.0),('Pirate',234.0),('Human',234.0),('Pirate',235.0),('Orc',235.0),('Pirate',236.0),('Wizard',236.0),('Human',236.0),('Pirate',237.0),('Human',237.0),('Wizard',238.0),('Merfolk',238.0),(NULL,239.0),('Dinosaur',240.0),('Dinosaur',241.0),(NULL,242.0),('Scout',243.0),('Human',243.0),(NULL,244.0),('Swamp',245.0),('Aura',246.0),(NULL,247.0),('Wizard',248.0),('Merfolk',248.0),(NULL,249.0),('Dinosaur',250.0),(NULL,251.0),('Dinosaur',252.0),('Dinosaur',253.0),('Knight',254.0),('Human',254.0),('Shaman',255.0),('Human',255.0),('Shaman',256.0),('Merfolk',256.0),('Scout',257.0),('Merfolk',257.0),('Soldier',258.0),('Human',258.0),(NULL,259.0),(NULL,260.0),(NULL,261.0),(NULL,262.0),(NULL,263.0),(NULL,264.0),(NULL,265.0),(NULL,266.0),(NULL,267.0),(NULL,268.0),(NULL,269.0),('Avatar',270.0),('Dinosaur',270.0),('Soldier',271.0),('Vampire',271.0),('Shaman',272.0),('Merfolk',272.0),('Knight',273.0),('Vampire',273.0),('Vraska',274.0),(NULL,275.0),('Avatar',276.0),('Dinosaur',276.0),('Shaman',277.0),('Merfolk',277.0),(NULL,278.0),('Pirate',279.0),('Human',279.0),('Wizard',280.0),('Merfolk',280.0),('Elemental',281.0),('Pirate',282.0),('Goblin',282.0),('Wizard',283.0),('Merfolk',283.0),(NULL,284.0),('Forest',285.0),('Forest',286.0),('Forest',287.0),('Island',288.0),('Island',289.0),('Island',290.0),('Mountain',291.0),('Mountain',292.0),('Mountain',293.0),('Plains',294.0),('Plains',295.0),('Plains',296.0),('Swamp',297.0),('Swamp',298.0),('Swamp',299.0);
/*!40000 ALTER TABLE `subtypes` ENABLE KEYS */;
UNLOCK TABLES;

--
-- Table structure for table `types`
--

DROP TABLE IF EXISTS `types`;
/*!40101 SET @saved_cs_client     = @@character_set_client */;
/*!40101 SET character_set_client = utf8 */;
CREATE TABLE `types` (
  `Name` varchar(30) DEFAULT NULL,
  `Card_ID` decimal(4,1) DEFAULT NULL,
  KEY `Card_IDForeignKey` (`Card_ID`),
  CONSTRAINT `Card_IDForeignKey` FOREIGN KEY (`Card_ID`) REFERENCES `card` (`Card_ID`)
) ENGINE=InnoDB DEFAULT CHARSET=latin1;
/*!40101 SET character_set_client = @saved_cs_client */;

--
-- Dumping data for table `types`
--

LOCK TABLES `types` WRITE;
/*!40000 ALTER TABLE `types` DISABLE KEYS */;
INSERT INTO `types` VALUES ('Creature',1.0),('Legendary',2.0),('Land',2.0),('Creature',3.0),('Legendary',3.0),('Creature',4.0),('Creature',5.0),('Creature',6.0),('Creature',7.0),('Enchantment',8.0),('Enchantment',9.0),('Legendary',9.0),('Enchantment',10.0),('Creature',11.0),('Enchantment',12.0),('Land',13.0),('Legendary',13.0),('Creature',14.0),('Creature',15.0),('Creature',16.0),('Creature',17.0),('Creature',18.0),('Creature',19.0),('Instant',20.0),('Creature',21.0),('Creature',22.0),('Creature',23.0),('Sorcery',24.0),('Creature',25.0),('Instant',26.0),('Creature',27.0),('Sorcery',28.0),('Instant',29.0),('Creature',30.0),('Legendary',30.0),('Creature',31.0),('Creature',32.0),('Enchantment',33.0),('Creature',34.0),('Sorcery',35.0),('Artifact',36.0),('Creature',37.0),('Sorcery',38.0),('Land',39.0),('Artifact',40.0),('Sorcery',41.0),('Instant',42.0),('Instant',43.0),('Instant',44.0),('Creature',45.0),('Instant',46.0),('Creature',47.0),('Creature',48.0),('Creature',49.0),('Creature',50.0),('Creature',51.0),('Creature',52.0),('Creature',53.0),('Creature',54.0),('Enchantment',55.0),('Sorcery',56.0),('Instant',57.0),('Instant',58.0),('Creature',59.0),('Instant',60.0),('Creature',61.0),('Creature',62.0),('Creature',63.0),('Creature',64.0),('Instant',65.0),('Artifact',66.0),('Land',67.0),('Creature',68.0),('Creature',69.0),('Land',70.0),('Instant',71.0),('Sorcery',72.0),('Artifact',73.0),('Creature',74.0),('Artifact',75.0),('Sorcery',76.0),('Creature',77.0),('Creature',78.0),('Creature',79.0),('Sorcery',80.0),('Creature',81.0),('Creature',82.0),('Creature',83.0),('Enchantment',84.0),('Artifact',85.0),('Land',86.0),('Instant',87.0),('Creature',88.0),('Sorcery',89.0),('Creature',90.0),('Land',91.0),('Basic',91.0),('Creature',92.0),('Creature',93.0),('Artifact',93.0),('Creature',94.0),('Legendary',94.0),('Land',95.0),('Creature',96.0),('Creature',97.0),('Sorcery',98.0),('Creature',99.0),('Sorcery',100.0),('Enchantment',101.0),('Legendary',101.0),('Creature',102.0),('Creature',103.0),('Sorcery',104.0),('Creature',105.0),('Artifact',106.0),('Sorcery',107.0),('Creature',108.0),('Planeswalker',109.0),('Legendary',109.0),('Planeswalker',110.0),('Legendary',110.0),('Creature',111.0),('Instant',112.0),('Creature',113.0),('Creature',114.0),('Creature',115.0),('Land',116.0),('Basic',116.0),('Land',117.0),('Legendary',117.0),('Enchantment',118.0),('Creature',119.0),('Creature',120.0),('Planeswalker',121.0),('Legendary',121.0),('Planeswalker',122.0),('Legendary',122.0),('Creature',123.0),('Creature',124.0),('Creature',125.0),('Creature',126.0),('Creature',127.0),('Creature',128.0),('Creature',129.0),('Legendary',129.0),('Creature',130.0),('Creature',131.0),('Sorcery',132.0),('Enchantment',133.0),('Legendary',133.0),('Instant',134.0),('Creature',135.0),('Instant',136.0),('Creature',137.0),('Land',138.0),('Creature',139.0),('Enchantment',140.0),('Creature',141.0),('Sorcery',142.0),('Enchantment',143.0),('Creature',144.0),('Legendary',144.0),('Creature',145.0),('Land',146.0),('Basic',146.0),('Enchantment',147.0),('Creature',148.0),('Enchantment',149.0),('Creature',150.0),('Enchantment',151.0),('Instant',152.0),('Creature',153.0),('Sorcery',154.0),('Creature',155.0),('Instant',156.0),('Artifact',157.0),('Enchantment',158.0),('Artifact',159.0),('Sorcery',160.0),('Land',161.0),('Basic',161.0),('Instant',162.0),('Creature',163.0),('Artifact',164.0),('Land',165.0),('Creature',166.0),('Artifact',167.0),('Creature',168.0),('Creature',169.0),('Creature',170.0),('Sorcery',171.0),('Creature',172.0),('Enchantment',173.0),('Instant',174.0),('Creature',175.0),('Creature',176.0),('Creature',177.0),('Creature',178.0),('Creature',179.0),('Creature',180.0),('Sorcery',181.0),('Enchantment',182.0),('Creature',183.0),('Sorcery',184.0),('Creature',185.0),('Instant',186.0),('Instant',187.0),('Creature',188.0),('Sorcery',189.0),('Land',190.0),('Creature',191.0),('Creature',192.0),('Creature',193.0),('Instant',194.0),('Creature',195.0),('Creature',196.0),('Creature',197.0),('Instant',198.0),('Sorcery',199.0),('Enchantment',200.0),('Legendary',200.0),('Creature',201.0),('Artifact',202.0),('Instant',203.0),('Artifact',204.0),('Creature',205.0),('Creature',206.0),('Enchantment',207.0),('Instant',208.0),('Creature',209.0),('Creature',210.0),('Creature',211.0),('Creature',212.0),('Creature',213.0),('Instant',214.0),('Creature',215.0),('Instant',216.0),('Creature',217.0),('Creature',218.0),('Creature',219.0),('Instant',220.0),('Artifact',221.0),('Instant',222.0),('Creature',223.0),('Artifact',224.0),('Instant',225.0),('Instant',226.0),('Creature',227.0),('Land',228.0),('Land',229.0),('Legendary',229.0),('Sorcery',230.0),('Sorcery',231.0),('Creature',232.0),('Land',233.0),('Creature',234.0),('Creature',235.0),('Creature',236.0),('Creature',237.0),('Creature',238.0),('Enchantment',239.0),('Creature',240.0),('Creature',241.0),('Land',242.0),('Creature',243.0),('Instant',244.0),('Land',245.0),('Basic',245.0),('Enchantment',246.0),('Sorcery',247.0),('Creature',248.0),('Land',249.0),('Legendary',249.0),('Creature',250.0),('Artifact',251.0),('Creature',252.0),('Creature',253.0),('Creature',254.0),('Creature',255.0),('Creature',256.0),('Legendary',256.0),('Creature',257.0),('Creature',258.0),('Land',259.0),('Artifact',260.0),('Enchantment',261.0),('Land',262.0),('Instant',263.0),('Land',264.0),('Instant',265.0),('Enchantment',266.0),('Legendary',266.0),('Instant',267.0),('Artifact',268.0),('Instant',269.0),('Creature',270.0),('Creature',271.0),('Creature',272.0),('Creature',273.0),('Legendary',273.0),('Planeswalker',274.0),('Legendary',274.0),('Instant',275.0),('Creature',276.0),('Creature',277.0),('Sorcery',278.0),('Creature',279.0),('Creature',280.0),('Creature',281.0),('Creature',282.0),('Creature',283.0),('Land',284.0),('Land',285.0),('Basic',285.0),('Land',286.0),('Basic',286.0),('Land',287.0),('Basic',287.0),('Land',288.0),('Basic',288.0),('Land',289.0),('Basic',289.0),('Land',290.0),('Basic',290.0),('Land',291.0),('Basic',291.0),('Land',292.0),('Basic',292.0),('Land',293.0),('Basic',293.0),('Land',294.0),('Basic',294.0),('Land',295.0),('Basic',295.0),('Land',296.0),('Basic',296.0),('Land',297.0),('Basic',297.0),('Land',298.0),('Basic',298.0),('Land',299.0),('Basic',299.0);
/*!40000 ALTER TABLE `types` ENABLE KEYS */;
UNLOCK TABLES;

--
-- Table structure for table `winstat`
--

DROP TABLE IF EXISTS `winstat`;
/*!40101 SET @saved_cs_client     = @@character_set_client */;
/*!40101 SET character_set_client = utf8 */;
CREATE TABLE `winstat` (
  `Deck1_ID` decimal(2,1) DEFAULT NULL,
  `Deck2_ID` decimal(2,1) DEFAULT NULL,
  `Deck1` varchar(30) DEFAULT NULL,
  `Deck2` varchar(30) DEFAULT NULL,
  `WinDeck1` decimal(2,1) DEFAULT NULL,
  `WinDeck2` decimal(2,1) DEFAULT NULL,
  KEY `Deck1_ID_FK` (`Deck1_ID`),
  KEY `Deck2_ID_FK` (`Deck2_ID`),
  CONSTRAINT `Deck1_ID_FK` FOREIGN KEY (`Deck1_ID`) REFERENCES `deck` (`Deck_ID`),
  CONSTRAINT `Deck2_ID_FK` FOREIGN KEY (`Deck2_ID`) REFERENCES `deck` (`Deck_ID`)
) ENGINE=InnoDB DEFAULT CHARSET=latin1;
/*!40101 SET character_set_client = @saved_cs_client */;

--
-- Dumping data for table `winstat`
--

LOCK TABLES `winstat` WRITE;
/*!40000 ALTER TABLE `winstat` DISABLE KEYS */;
INSERT INTO `winstat` VALUES (1.0,1.0,'Simic Merfolk','Simic Merfolk',5.0,5.0),(1.0,2.0,'Simic Merfolk','Boros Dinosaurs',5.0,5.0),(1.0,3.0,'Simic Merfolk','Orzhov Vampires',3.0,7.0),(1.0,4.0,'Simic Merfolk','Dimir Pirates',3.0,7.0),(2.0,1.0,'Boros Dinosaurs','Simic Merfolk',5.0,5.0),(2.0,2.0,'Boros Dinosaurs','Boros Dinosaurs',5.0,5.0),(2.0,3.0,'Boros Dinosaurs','Orzhov Vampires',3.0,7.0),(2.0,4.0,'Boros Dinosaurs','Dimir Pirates',3.0,7.0),(3.0,1.0,'Orzhov Vampires','Simic Merfolk',7.0,3.0),(3.0,2.0,'Orzhov Vampires','Boros Dinosaurs',7.0,3.0),(3.0,3.0,'Orzhov Vampires','Orzhov Vampires',5.0,5.0),(3.0,4.0,'Orzhov Vampires','Dimir Pirates',5.0,5.0),(4.0,1.0,'Dimir Pirates','Simic Merfolk',7.0,3.0),(4.0,2.0,'Dimir Pirates','Boros Dinosaurs',7.0,3.0),(4.0,3.0,'Dimir Pirates','Orzhov Vampires',5.0,5.0),(4.0,4.0,'Dimir Pirates','Dimir Pirates',5.0,5.0);
/*!40000 ALTER TABLE `winstat` ENABLE KEYS */;
UNLOCK TABLES;

--
-- Dumping routines for database 'magic'
--
/*!50003 DROP PROCEDURE IF EXISTS `AccessStats` */;
/*!50003 SET @saved_cs_client      = @@character_set_client */ ;
/*!50003 SET @saved_cs_results     = @@character_set_results */ ;
/*!50003 SET @saved_col_connection = @@collation_connection */ ;
/*!50003 SET character_set_client  = utf8 */ ;
/*!50003 SET character_set_results = utf8 */ ;
/*!50003 SET collation_connection  = utf8_general_ci */ ;
/*!50003 SET @saved_sql_mode       = @@sql_mode */ ;
/*!50003 SET sql_mode              = 'NO_AUTO_VALUE_ON_ZERO' */ ;
DELIMITER ;;
CREATE DEFINER=`root`@`localhost` PROCEDURE `AccessStats`(in deck1 varchar(30), in deck2 varchar(30))
begin
select
	concat(deck1, ' vs. ', deck2) as 'Match',
	#Card.Name as 'Deck 1 Win Chance',
    (WinStat.WinDeck1 + WinStat.WinDeck2) as 'Total Games',
    concat(format(((WinStat.WinDeck1/(WinStat.WinDeck1 + WinStat.WinDeck2)) * 100), 0), '%') as 'Win Chance Deck 1'
    #QueryAuthor() as 'Query Author'
    from WinStat
    where WinStat.Deck1 = deck1 and WinStat.Deck2 = deck2;
end ;;
DELIMITER ;
/*!50003 SET sql_mode              = @saved_sql_mode */ ;
/*!50003 SET character_set_client  = @saved_cs_client */ ;
/*!50003 SET character_set_results = @saved_cs_results */ ;
/*!50003 SET collation_connection  = @saved_col_connection */ ;
/*!50003 DROP PROCEDURE IF EXISTS `DeckSearch` */;
/*!50003 SET @saved_cs_client      = @@character_set_client */ ;
/*!50003 SET @saved_cs_results     = @@character_set_results */ ;
/*!50003 SET @saved_col_connection = @@collation_connection */ ;
/*!50003 SET character_set_client  = utf8 */ ;
/*!50003 SET character_set_results = utf8 */ ;
/*!50003 SET collation_connection  = utf8_general_ci */ ;
/*!50003 SET @saved_sql_mode       = @@sql_mode */ ;
/*!50003 SET sql_mode              = 'NO_AUTO_VALUE_ON_ZERO' */ ;
DELIMITER ;;
CREATE DEFINER=`root`@`localhost` PROCEDURE `DeckSearch`(in deck varchar(30))
begin
select Deck.DeckName as 'Deck Name',
	Card.Name as 'Card Name',
    DeckCard.Number_Of_Cards as 'Number of Card'
    #QueryAuthor() as 'Query Author'
    from Deck
    join DeckCard on Deck.Deck_ID = DeckCard.Deck_ID
    join Card on Card.Card_ID = DeckCard.Card_ID
    where Deck.DeckName = deck;
	#(select * from charter
	#	where charter.CHAR_DATE <= date2 and charter.CHAR_DATE >= date1) as charterInfo,
    #(select QueryAuthor() as 'Query Author') as Author;
end ;;
DELIMITER ;
/*!50003 SET sql_mode              = @saved_sql_mode */ ;
/*!50003 SET character_set_client  = @saved_cs_client */ ;
/*!50003 SET character_set_results = @saved_cs_results */ ;
/*!50003 SET collation_connection  = @saved_col_connection */ ;
/*!50003 DROP PROCEDURE IF EXISTS `ManaTest` */;
/*!50003 SET @saved_cs_client      = @@character_set_client */ ;
/*!50003 SET @saved_cs_results     = @@character_set_results */ ;
/*!50003 SET @saved_col_connection = @@collation_connection */ ;
/*!50003 SET character_set_client  = utf8 */ ;
/*!50003 SET character_set_results = utf8 */ ;
/*!50003 SET collation_connection  = utf8_general_ci */ ;
/*!50003 SET @saved_sql_mode       = @@sql_mode */ ;
/*!50003 SET sql_mode              = 'NO_AUTO_VALUE_ON_ZERO' */ ;
DELIMITER ;;
CREATE DEFINER=`root`@`localhost` PROCEDURE `ManaTest`(in mana numeric)
begin
select Artist.Name as 'Artist Name',
    Card.Name as 'Card Name',
    Types.Name as 'Types',
    Subtypes.Name as 'Subtypes',
    Card.Mana_Cost as 'Mana Cost',
    Card.Power as 'Power',
    Card.Toughness as 'Toughness',
    Card.Loyalty as 'Loyalty',
    Card.Ability as 'Ability',
    Card.Flavor_Text as 'Flavor Text',
    Card.Color as 'Color',
    Artist.Name as 'Artist'
    #QueryAuthor() as 'Query Author'
    from Card
    join Artist on Card.Artist_ID = Artist.Artist_ID
    join Types on Card.Card_ID = Types.Card_ID
    join Subtypes on Card.Card_ID = Subtypes.Card_ID
    where Card.ConvManaCost = mana;
	#(select * from charter
	#	where charter.CHAR_DATE <= date2 and charter.CHAR_DATE >= date1) as charterInfo,
    #(select QueryAuthor() as 'Query Author') as Author;
end ;;
DELIMITER ;
/*!50003 SET sql_mode              = @saved_sql_mode */ ;
/*!50003 SET character_set_client  = @saved_cs_client */ ;
/*!50003 SET character_set_results = @saved_cs_results */ ;
/*!50003 SET collation_connection  = @saved_col_connection */ ;
/*!40103 SET TIME_ZONE=@OLD_TIME_ZONE */;

/*!40101 SET SQL_MODE=@OLD_SQL_MODE */;
/*!40014 SET FOREIGN_KEY_CHECKS=@OLD_FOREIGN_KEY_CHECKS */;
/*!40014 SET UNIQUE_CHECKS=@OLD_UNIQUE_CHECKS */;
/*!40101 SET CHARACTER_SET_CLIENT=@OLD_CHARACTER_SET_CLIENT */;
/*!40101 SET CHARACTER_SET_RESULTS=@OLD_CHARACTER_SET_RESULTS */;
/*!40101 SET COLLATION_CONNECTION=@OLD_COLLATION_CONNECTION */;
/*!40111 SET SQL_NOTES=@OLD_SQL_NOTES */;

-- Dump completed on 2017-12-12 18:39:42
